Country,1982,1983,1984,1985,1986,1987,1988,1989,1990,1991,1992,1993,1994,1995,1996,1997,1998,1999,2000,2001,2002,2003,2004,2005,2006,2007,2008,2009,2010,2011,2012,2013,2014,2015,2016,2017,2018,2019,2020,2021
Afghanistan,23.08045,22.42028,21.770616,21.109753,20.456223,19.79429,19.139517,18.486127,17.845099,17.222792,16.634613,16.077512,15.550792,15.058936,14.59901,14.157362,13.734811,13.330147,12.93389,12.530519,12.118846,11.702546,11.279189,10.855847,10.427358,10.003727,9.586595,9.178992,8.778543,8.3963875,8.026968,7.6771194,7.337743,7.0172264,6.724831,6.4581924,6.2171776,5.9917328,5.779781,5.5657482
Albania,6.902882,6.3702656,5.8906235,5.4751072,5.108977,4.7903236,4.5155663,4.279809,4.0831703,3.9143337,3.762865,3.628957,3.503067,3.380211,3.2532665,3.1215874,2.9894476,2.8549936,2.7181055,2.5799519,2.4380102,2.2930672,2.1459871,1.9982258,1.852108,1.710299,1.576326,1.449259,1.3288301,1.2171888,1.1213959,1.0463393,0.9921585,0.9577139,0.9399676,0.9336709,0.9343905,0.9388104,0.9436108,0.9455919
Algeria,11.895916,10.231719,8.722377,7.469762,6.5290085,5.906419,5.5265247,5.3074306,5.1890125,5.1266342,5.0750546,5.0163063,4.9439194,4.8454037,4.7286903,4.6010914,4.4658356,4.321787,4.168794,4.0096043,3.8487446,3.686668,3.5295784,3.3775715,3.233872,3.0978212,2.9768938,2.8712835,2.7809116,2.7076586,2.6494217,2.6050264,2.5668068,2.530461,2.4924116,2.4483149,2.3979382,2.3451487,2.2897308,2.2335287
Andorra,,,,1.7470982,1.6465841,1.5568161,1.4706718,1.3855739,1.3116703,1.2388692,1.1715163,1.1083739,1.0468692,0.9883878,0.9371487,0.8860851,0.8401645,0.79846597,0.7607158,0.72190647,0.68734803,0.65398355,0.6263718,0.59638205,0.56497664,0.5350325,0.50772347,0.48226094,0.4577037,0.43297067,0.4133691,0.39224598,0.3726689,0.3525385,0.33509343,0.31953647,0.30591354,0.29503987,0.28482692,0.27563622
Angola,23.347865,23.080125,22.848293,22.66265,22.54729,22.472025,22.398886,22.371523,22.350458,22.349579,22.359592,22.365105,22.332356,22.236928,22.085526,21.817664,21.463055,21.033409,20.513585,19.889958,19.193564,18.416428,17.545227,16.619028,15.677907,14.709866,13.753609,12.849971,11.997302,11.221589,10.487527,9.830585,9.2911865,8.833902,8.444892,8.107953,7.796841,7.5038376,7.20743,6.942133
Anguilla,,,,2.2880342,2.1529224,2.021356,1.8997715,1.7843498,1.6770681,1.5781225,1.4834991,1.39886055,1.31808,1.24219265,1.1747762,1.1155777,1.0586763,1.0065033,0.9574438,0.9121242,0.8709389,0.8306437,0.79236016,0.75598884,0.72335258,0.6914109,0.6615219,0.63363757,0.6054546,0.57867513,0.55473294,0.5334102,0.51379447,0.4968792,0.48016686,0.46411967,0.44883976,0.43251305,0.41787753,0.40450935
Antigua and Barbuda,1.4826664,1.4324246,1.3952427,1.3716841,1.35928,1.3583423,1.3661537,1.3831137,1.4062533,1.4369468,1.4720185,1.5089477,1.545313,1.5746082,1.5966976,1.6061256,1.601723,1.5837853,1.5529814,1.51212435,1.4653112,1.4100093,1.3532068,1.2936641,1.2341654,1.1749242,1.1162481,1.0599462,1.0057275,0.9532173,0.902371,0.8554236,0.8125088,0.7749953,0.7427224,0.7119537,0.6843436,0.6592641,0.63583045,0.61445622
Argentina,3.6487263,3.4080456,3.2121212,3.0597618,2.9571547,2.9087084,2.8970627,2.8936049,2.876629,2.8335867,2.7565899,2.6544289,2.5416857,2.4295132,2.3210415,2.2189037,2.1256784,2.041558,1.967534,1.8993898,1.8343107,1.7715715,1.7125633,1.658626,1.611232,1.57214155,1.5365405,1.4963547,1.4476852,1.3927546,1.3342989,1.2748549,1.2168138,1.1593629,1.0968554,1.0253102,0.9450886,0.858049,0.7700813,0.69181986
Armenia,6.784633,6.5136444,6.2585426,6.0104603,5.770723,5.5410816,9.2683914,5.1058926,4.8928963,4.6880936,4.4824368,4.2827168,4.0891983,3.9021553,3.7208073,3.5467297,3.381896,3.2192104,3.0656433,2.9195093,2.776966,2.6406462,2.511088,2.3891434,2.2712976,2.1592825,2.0521208,1.9516354,1.85445,1.7623894,1.675307,1.5914989,1.5137894,1.4407902,1.3711639,1.3044929,1.2424542,1.1825959,1.1262289,1.0721141
Australia,1.2172526,1.18637085,1.1581904,1.1289451,1.0967417,1.0603379,1.0185386,0.9708614,0.9188839,0.8658748,0.8152276,0.76964645,0.73121758,0.700948,0.67736835,0.65926228,0.6446664,0.6314727,0.61872573,0.6075909,0.59861093,0.59091835,0.5825695,0.5720415,0.5584972,0.5417077,0.5218318,0.4998227,0.4766433,0.4535785,0.43171844,0.412573,0.39757013,0.38723328,0.3808726,0.37767508,0.37629104,0.37543573,0.37396815,0.37119224
Austria,1.4767412,1.4049772,1.332432,1.2596466,1.1870179,1.1149261,1.0490622,0.9948427,0.9511478,0.9080037,0.8561579,0.7973627,0.7370056,0.6803936,0.63331223,0.59870296,0.57545037,0.56027155,0.55058208,0.5424003,0.5330538,0.52098546,0.5060434,0.4897559,0.4745917,0.4633418,0.4543761,0.44506474,0.4336335,0.4199375,0.40465627,0.3897079,0.37672918,0.36707451,0.36055412,0.35705516,0.35620809,0.35827775,0.36229815,0.36575947
Azerbaijan,11.001385,10.72195,10.46582,10.2224525,10.013854,9.824457,9.674613,9.570102,9.529869,9.5537994,9.589235,9.5977974,9.550294,9.423131,9.194894,8.870981,8.458289,7.972388,7.458898,6.941681,6.4459274,5.9849285,5.572559,5.2016525,4.8676117,4.5594112,4.2680645,3.992764,3.7312,3.482618,3.2505375,3.0323576,2.8257378,2.6297518,2.4480381,2.288524,2.154534,2.0420782,1.9427809,1.85862
Bahamas,2.8624983,2.8349838,2.8124405,2.7819891,2.732431,2.6581533,2.5638374,2.4577532,2.3483835,2.23971,2.135236,2.0350998,1.9391605,1.8497633,1.7698944,1.704153,1.657966,1.634035,1.6299477,1.640543,1.6597189,1.6790775,1.6910774,1.6916748,1.6793545,1.6534643,1.6195671,1.5824863,1.5443119,1.5063193,1.4718018,1.4408986,1.4148979,1.3934337,1.3759807,1.3628956,1.3529723,2.3419844,1.3321555,1.3159127
Bahrain,2.8747286,2.7316229,2.605324,2.5011744,2.4226023,2.3680784,2.3354935,2.3187532,2.3009789,2.2683064,2.206251,2.1053509,1.9680695,1.8135874,1.6590166,1.5179621,1.4022398,1.3139421,1.2481136,1.1987239,1.1606226,1.1287134,1.097914,1.06472645,1.0248542,0.9808541,0.9343957,0.8884341,0.84722,0.814225,0.78851695,0.7691922,0.7548969,0.7436842,0.7343731,0.726351,0.7186386,0.71158385,0.7027828,0.6915642
Bangladesh,19.496567,18.942906,18.360347,17.750624,17.128743,16.493489,15.854996,15.224445,14.596597,13.970476,13.342691,12.713806,12.089934,11.4727486,10.8640976,10.266975,9.689005,9.132055,8.6066444,8.113846,7.655481,7.2276665,6.8291695,6.453747,6.1034748,5.7738506,5.4675438,5.1812054,4.915377,4.6679928,4.4352074,4.2143085,4.0021515,3.7971584,3.599151,3.407044,3.219655,3.0422539,2.8767538,2.727363
Barbados,2.4375422,2.3415861,2.2594538,2.186966,2.1164083,2.0447508,1.9695435,1.8921335,1.8130259,1.736852,1.665318,1.6038063,1.5537926,1.5165012,1.4933972,1.4833319,1.4846942,1.4963239,1.5160894,1.5381413,1.5586154,1.5724955,1.5779365,1.57409315,1.5628534,1.5472452,1.5305234,1.514166,1.4999931,1.4859792,1.4740226,1.4551295,1.4353072,1.4071988,1.3767338,1.3428438,1.3042903,1.2657368,1.2288333,1.1913524
Belarus,1.9432947,1.8736515,1.8137419,1.75723,1.6997932,1.6424646,1.5897891,1.546206,1.5201395,1.5180373,1.5337997,1.5533876,1.5666067,1.5672261,1.5497457,1.5108506,1.4492458,1.368027,1.2762449,1.18276825,1.094158,1.0144941,0.9434711,0.8741425,0.801827,0.7300302,0.6642535,0.6072621,0.5592099,0.51938443,0.4859576,0.4574534,0.4324189,0.4088526,0.38557332,0.36186745,0.33752258,0.31318607,0.29123979,0.27249396
Belgium,1.3279642,1.2677226,1.2155786,1.1732191,1.13660965,1.1010878,1.0663224,1.033521,1.0023377,0.9681921,0.9272974,0.878818,0.8226274,0.7631796,0.70856757,0.6649916,0.63205576,0.6066762,0.5862572,0.56822767,0.55059056,0.53307786,0.51743307,0.5038054,0.49143934,0.4793398,0.46748796,0.45629015,0.4459512,0.4362287,0.42700696,0.4186234,0.41208477,0.4078451,0.40617385,0.40670595,0.4088267,0.41074233,0.4113765,0.41006517
Belize,5.973734,5.714884,5.450015,5.1776512,4.910244,4.6320763,4.3566128,4.090803,3.842609,3.6089157,3.3975666,3.2059387,3.0399206,2.893295,2.7612474,2.6463367,2.5415737,2.446185,2.360902,2.285028,2.2213972,2.1700605,2.1278793,2.0923433,2.059977,2.0263105,1.9879103,1.945484,1.8941288,1.8350561,1.7675379,1.6925098,1.612335,1.5317431,1.451155,1.3729567,1.29762945,1.2298409,1.1702936,1.1186618
Benin,20.412544,20.017192,19.63149,19.250316,18.8604,18.4623,18.067094,17.671921,17.267453,16.861009,16.460634,16.068115,15.688718,15.333788,14.991667,14.653578,14.328923,14.005034,13.681319,13.363924,13.049039,12.742834,12.4443245,12.159755,11.887161,11.628905,11.381589,11.14481,10.913746,10.68542,10.4601845,10.234644,10.012671,9.7870605,9.5641174,9.3437805,9.110071,8.8606346,8.603433,8.352425
Bhutan,17.897314,17.177614,16.4784,15.793085,15.116953,14.461194,13.845668,13.249626,12.666914,12.103714,11.5637955,11.031446,10.519131,10.021377,9.528656,9.054053,8.586209,8.1408226,7.709862,7.2891525,6.8821434,6.493984,6.116226,5.755614,5.412841,5.0875492,4.7820217,4.497426,4.2355972,4.0061966,3.8049324,3.6267796,3.466184,3.3197647,3.1870613,3.0642876,2.9586618,2.8524048,2.7549221,2.6687412
Bolivia,15.950143,15.50821,15.053853,14.588351,14.107983,13.613065,13.124529,12.634712,12.148481,11.6746704,11.2052734,10.738968,10.283123,9.827611,9.3741585,8.915128,8.456007,8.000965,7.563072,7.1372246,6.732316,6.346413,5.979383,5.6336315,5.306949,5.000497,4.7131027,4.444164,4.188802,3.9540775,3.7298645,3.522465,3.3332035,3.1641499,3.0196177,2.8915852,2.7717527,2.659171,2.5627235,2.4691938
Bosnia and Herzegovina,,,2.9366613,2.7022781,2.4900242,2.297949,2.1216515,1.9611984,1.8147936,1.6833258,3.549077,3.5032284,2.6124758,1.3970136,1.2217196,1.15339,1.0897786,1.03364525,0.9888027,0.956209,0.9335127,0.918136,0.9045436,0.8866998,0.8605097,0.8278178,0.79116077,0.7535114,0.71920753,0.6899204,0.66648335,0.6489398,0.63582044,0.6262254,0.61878133,0.61087523,0.60053368,0.58824873,0.57497272,0.56006002
Botswana,6.566176,6.2420864,5.9303673,5.61434,5.2881943,4.9628246,4.672798,4.5116802,4.527245,4.7286797,5.0796074,5.5394516,6.0420486,6.5671974,6.56099,6.937715,7.175629,7.303492,7.40113,7.316618,7.224467,7.305437,7.367513,7.131507,6.884708,6.859364,6.8778206,6.592778,6.2552658,6.1249035,5.5216034,5.030737,4.81802,4.5372864,4.35198,3.9939857,3.8961773,3.7740673,3.6314156,3.486942
Brazil,8.782514,8.397768,8.040742,7.710541,7.413251,7.1283035,6.85569,6.592116,6.320109,6.0386345,5.7391273,5.4289936,5.1117126,4.799765,4.500676,4.2173313,3.9523506,3.7048553,3.4730286,3.2516773,3.041335,2.8433836,2.6525745,2.479908,2.323799,2.1835676,2.0611273,1.9553009,1.8644892,1.788233,1.724374,1.6720476,1.6295023,1.5948158,1.6745653,1.5390214,1.5156679,1.494002,1.4695511,1.4410983
British Virgin Islands,2.783834,2.6419975,2.5056467,2.3770464,2.2575466,2.1491175,2.0571825,1.9750595,1.9054998,1.8474297,1.7950418,1.752404,1.7142134,1.681591,1.6540195,1.6262815,1.6069935,1.5878676,1.5737174,1.5634976,1.5554929,1.54697695,1.545498,1.5400341,1.5334532,1.5254267,1.5049741,1.4801457,1.4508088,1.4160414,1.3799787,1.3436828,1.3064646,1.2687099,1.2285678,1.1889763,1.1548198,1.1178554,1.0852601,1.0462895
Brunei,1.7606468,1.645956,1.5533893,1.4783885,1.4193528,1.3758763,1.3484541,1.3345101,1.3283031,1.3276734,1.3237235,1.3076498,1.2802791,1.2426744,1.19851465,1.1518268,1.1073465,1.0675956,1.0330126,1.00437565,0.9820315,0.9654997,0.95496855,0.9485857,0.9463468,0.9471179,0.9510105,0.9582191,0.9692775,0.9825489,0.9986637,1.0172586,1.0377151,1.0590983,1.0805216,1.1014434,1.1230371,1.1401959,1.150181,1.1475964
Bulgaria,2.2195526,2.15038,2.0721191,1.9770945,1.8731941,1.7948668,1.7694191,1.7908247,1.8374361,1.8890505,1.9243378,1.9273481,1.9116503,1.9096539,1.9317154,1.9407469,1.9002312,1.8223368,1.7411139,1.6704512,1.5991748,1.5153352,1.4218445,1.3279218,1.2433837,1.1783857,1.1388136,1.1134109,1.0833068,1.03882675,0.9840189,0.9241159,0.8656666,0.8132112,0.76949434,0.7316635,0.6979162,0.66952643,0.6478413,0.63242784
Burkina Faso,22.864671,22.382158,21.928859,21.474191,21.026701,20.618666,20.30087,20.056975,19.908748,19.834857,19.802116,19.740118,19.645454,19.479521,19.232854,18.926538,18.597806,18.245285,17.870831,17.468858,17.017413,16.498874,15.91461,15.27864,14.604372,13.933827,13.305054,12.722201,12.1941956,11.719893,11.290227,10.872644,10.472931,10.108928,9.7661156,9.4504944,9.1345345,8.822932,8.535078,8.260758
Burundi,20.280885,19.208682,18.280058,17.592546,17.118639,16.888472,16.832936,16.912265,17.034335,17.178922,17.286432,19.416896,17.32676,17.237843,17.050636,16.770364,16.386679,15.93953,15.459999,14.946208,14.394412,13.807346,13.172711,12.469858,11.75128,11.032705,10.345585,9.702235,9.102579,8.559583,8.04747,7.5741196,7.155608,6.7863884,6.45759,6.174199,5.9083637,5.6736744,5.4611202,5.260476
Cambodia,14.086333,12.977005,12.331882,11.977121,11.761915,11.665079,11.626413,11.62878,11.6254944,11.623124,11.648743,11.727815,11.842642,11.954377,12.005046,11.9545944,11.764893,11.334241,10.6301315,9.686373,8.692276,7.823443,7.0828835,6.478138,5.9766426,5.53318,5.135217,4.754872,4.3945946,4.063491,3.7754993,3.534198,3.337968,3.1746084,3.025955,2.8943924,2.7833252,2.6814138,2.5790512,2.476356
Cameroon,16.777199,16.128322,15.473923,14.85985,14.340967,13.93094,13.678026,13.57826,13.622353,13.785846,14.019795,14.272713,14.498576,14.669524,14.79091,14.84681,14.814244,14.67445,14.444621,14.151108,13.815596,13.463965,13.113908,12.794373,12.4568886,12.129615,11.776528,11.451366,11.016054,10.5932556,10.15043,9.6884636,9.2482414,8.812032,8.4334076,8.080299,7.770692,7.509406,7.242319,6.9788025
Canada,1.117032,1.0615853,1.0149157,0.9757958,0.9424051,0.9121119,0.8833674,0.854356,0.8246758,0.7955661,0.76780787,0.7415326,0.7165678,0.6930934,0.6718254,0.6536271,0.63928103,0.62914286,0.62304554,0.6198101,0.6180759,0.61653123,0.6138172,0.6095271,0.6034216,0.59619946,0.58817945,0.58023286,0.57246933,0.5651365,0.55799937,0.5510528,0.54458294,0.53854394,0.53295527,0.52786913,0.5228503,0.5175461,0.51144094,0.5041324
Cape Verde,8.648278,8.47937,8.2633316,7.9644775,7.571537,7.138065,6.70225,6.3219086,6.0361343,5.8687523,5.7875927,5.769442,5.7533943,5.6663498,5.4618256,5.137233,4.710777,4.245873,3.8089504,3.443623,3.1618702,2.9722826,2.8601196,2.8038393,2.7844662,2.7770603,2.7582191,2.716919,2.6463888,2.5458515,2.4208874,2.2778608,2.1261106,1.973928,1.8287674,1.6992712,1.59015665,1.498705,1.4221199,1.3548837
Central African Republic,18.391647,18.24418,18.123647,18.02505,17.95386,17.895659,17.848451,17.798402,17.740773,17.681241,17.619746,17.558383,17.501361,17.42502,17.329749,17.201741,17.039131,16.836417,16.614275,16.359984,16.065292,15.729633,15.359651,14.97081,14.529555,14.117723,13.747063,13.350723,12.978224,12.6386505,12.332301,12.111094,11.857045,11.553486,11.265256,11.092244,10.87839,10.5909,10.304561,9.991608
Chad,23.530116,23.256447,22.967116,22.674043,22.379141,22.088211,21.790526,21.492902,21.19755,20.916158,20.635909,20.369032,20.120134,19.87542,19.635649,19.363644,19.076373,18.759602,18.43476,18.102148,17.767368,17.430159,17.092487,16.746385,16.385068,16.012737,15.62873,15.233305,14.8425,14.445576,14.063019,13.68831,13.329701,12.949101,12.5811104,12.187662,11.801545,11.433528,11.052661,10.7065475
Chile,2.7035742,2.4605162,2.305262,2.2425251,2.2205038,2.191815,2.1340996,2.0379435,1.9083416,1.764264,1.623801,1.4976228,1.3923819,1.3105253,1.2533222,1.219579,1.1933505,1.1518364,1.0893211,1.0264276,0.9808739,0.9507964,0.9286399,0.9097324,0.8963161,0.8906719,0.8882933,0.8824604,0.8700407,0.8544156,0.8392625,0.8250275,0.8107216,0.795923,0.7793618,0.76091986,0.7399802,0.714577,0.68531723,0.6553434
China,5.7692432,5.602958,5.4847195,5.414443,5.3804165,5.3780083,5.385871,5.3863003,5.3619846,5.3060963,5.211349,5.0806595,4.918158,4.7365334,4.549714,4.348512,4.135058,3.9093227,3.6680393,3.4105026,3.1476421,2.8855085,2.6335995,2.4020712,2.1954527,2.0113085,1.8490145,1.7050034,1.5755194,1.4570093,1.3483801,1.2479529,1.1558433,1.0713093,0.9933475,0.9220807,0.8577589,0.79790745,0.74388137,0.6934592
Colombia,5.147414,4.8520096,4.5898323,4.355029,4.149866,3.971519,3.8175083,3.6803185,3.557195,3.4392548,3.3242676,3.2106945,3.0994598,2.9889362,2.880515,2.7786415,2.6815626,2.5904623,2.5066359,2.4292097,2.3551243,2.2843689,2.217192,2.1516745,2.087247,2.0236034,1.961816,1.9003878,1.8384361,1.7800478,1.7230413,1.6660603,1.6119354,1.5596246,1.508514,1.4616242,1.41407385,1.3719639,1.3251354,1.2848156
Comoros,16.383844,15.855243,15.33327,14.842325,14.355536,13.909521,13.4754,13.05643,12.6487434,12.252879,11.8691826,11.50212,11.174727,10.8679214,10.58502,10.3217026,10.077651,9.855235,9.637497,9.428862,9.209268,8.968486,8.7247116,8.474639,8.235821,7.993202,7.752814,7.512165,7.268179,7.028101,6.798403,6.575792,6.3520283,6.1248936,5.900986,5.6914246,5.4902584,5.3072937,5.134014,4.971674
Congo,10.164529,9.9170006,9.666107,9.430036,9.229414,9.095924,9.026681,9.03272,9.122433,9.2858665,9.510248,9.797159,10.135074,10.486266,10.846218,11.169212,11.3934654,11.466491,11.351359,11.0529045,10.583436,9.997883,9.337711,8.646311,7.999666,7.417896,6.929179,6.5380226,6.237994,6.008076,5.8211586,5.639157,5.462472,5.2780247,5.0954754,4.932669,4.7661068,5.244944,4.4522816,4.296786
Cook Islands,2.7453335,2.668332,2.6000689,2.5401642,2.4882566,2.4483307,2.4216238,2.4024849,2.3918167,2.382987,2.3701862,2.3482668,2.310644,2.2523949,2.1749979,2.085619,1.9891457,1.890633,1.799749,1.7166481,1.634957,1.5566161,1.4792798,1.4028313,1.3289647,1.2581455,1.1899619,1.1289062,1.0768635,1.0294339,0.9868772,0.9486996,0.91236925,0.8795357,0.8498942,0.8192723,0.79083014,0.76448674,0.73899646,0.71650214
Costa Rica,2.2875288,2.2701527,2.2490265,2.2001247,2.1196262,2.0088562,1.8875376,1.7775846,1.690365,1.6232645,1.5727419,1.5354051,1.5094906,1.4908257,1.4718981,1.4454988,1.4091752,1.3632682,1.31089945,1.259068,1.2143048,1.1784849,1.1522154,1.1338599,1.1201679,1.1069585,1.0920267,1.0734399,1.0499088,1.022216,0.9916848,0.9604004,0.9319029,0.9079917,0.8866745,0.8660263,0.8439952,0.8199728,0.79247212,0.7647508
Cote dIvoire,16.152411,15.861647,15.629402,15.459265,15.34511,15.276132,15.270578,15.301103,15.341151,15.382196,15.408125,15.420398,15.387598,15.332547,15.223668,15.064316,14.847314,14.58564,14.293726,13.979594,13.643405,13.299568,12.944485,12.568167,12.209337,11.830216,11.43822,11.01506,10.642872,10.318098,10.013538,9.688959,9.35162,9.0468025,8.803285,8.5559,8.277987,7.974316,7.728224,7.478533
Croatia,2.214282,2.0768867,1.9449707,1.8179817,1.6964792,1.5811912,1.4727858,1.3740759,1.2869952,1.3989082,1.1475638,1.0917493,1.0430522,1.0001858,0.961975,0.9269655,0.89371195,0.8616192,0.8300418,0.7985984,0.76680517,0.7346954,0.70263863,0.67152405,0.6421178,0.61473837,0.5895496,0.56699777,0.5472884,0.53058434,0.51722536,0.50662193,0.49840045,0.491872,0.48608723,0.48095703,0.4762588,0.4719463,0.4679682,0.4640069
Cuba,1.9968122,1.9015415,1.810924,1.7247742,1.6430079,1.565109,1.4923032,1.4215985,1.3556787,1.2926292,1.23460045,1.1798875,1.1281016,1.08031025,1.0350348,0.9924832,0.9526511,0.9156844,0.881159,0.8487535,0.8183548,0.79032354,0.7636097,0.73842278,0.7152206,0.69353576,0.6727533,0.6542248,0.6364544,0.62009892,0.6049873,0.5907839,0.5776213,0.56514616,0.5537259,0.5430185,0.5324784,0.52183876,0.51149955,0.5001638
Cyprus,1.7575783,1.631618,1.4773058,1.3310971,1.211209,1.137303,1.1146994,1.1220973,1.1257044,1.1090561,1.0726987,1.020774,0.9622966,0.9044253,0.8507861,0.79892135,0.74737835,0.69769397,0.65219855,0.6111393,0.5717131,0.53322215,0.4955107,0.4603143,0.4295461,0.4028283,0.381016,0.36259308,0.34566379,0.32921617,0.31340256,0.29901178,0.28704076,0.2787213,0.2748931,0.2740145,0.27610855,0.2798097,0.28047202,0.2785531
Czechia,1.4952767,1.4656729,1.4436291,1.4179495,1.3837703,1.343873,1.3012365,1.2571336,1.21202345,1.163439,1.103057,1.0258342,0.9381417,0.8499485,0.76844063,0.69607615,0.63410044,0.58405056,0.5464066,0.5194678,0.49791565,0.4775921,0.4566839,0.43536158,0.4134534,0.39188569,0.37193246,0.3537402,0.33839886,0.32651844,0.31858368,0.31509151,0.3148794,0.31666758,0.31864302,0.31786432,0.31223357,0.3022255,0.28910146,0.27514143
Democratic Republic of Congo,20.58289,20.280582,20.011661,19.770236,19.536832,19.319456,19.090735,18.862251,18.62979,18.400102,18.186804,17.976936,17.782405,17.585153,17.359776,17.097008,16.77988,16.41683,16.008344,15.581366,15.120807,14.652818,14.175246,13.688332,13.223819,12.7544685,12.302152,11.876535,11.460032,11.0673965,10.6819115,10.328633,9.973718,9.64925,9.3421616,9.0260704,8.7243,8.440412,8.167984,7.896054
Denmark,0.961383,0.9567514,0.9588879,0.9652098,0.9713521,0.9713399,0.9596388,0.9334106,0.8929861,0.8419968,0.7875792,0.7363081,0.6914167,0.6546891,0.62590103,0.6041816,0.5877807,0.57482758,0.56335645,0.55159335,0.53802505,0.52155,0.50329885,0.4838546,0.4648409,0.4473066,0.43207483,0.42017837,0.41240234,0.4087697,0.4082909,0.4088769,0.4092958,0.40770864,0.40338016,0.39673975,0.3877173,0.37793634,0.36786563,0.35842268
Djibouti,14.576085,14.149629,13.74665,13.356732,12.978687,12.635967,12.320571,12.036086,11.781853,11.560705,11.370482,11.210509,11.068733,10.9330025,10.791851,10.634999,10.4663536,10.26816,10.057133,9.835055,9.59426,9.341862,9.099429,8.8509346,8.608207,8.3673676,8.124906,7.88745,7.650786,7.431351,7.2163124,6.98844,6.784445,6.56322,6.3789192,6.1922024,5.994133,5.7923763,5.5950886,5.414123
Dominica,2.1770493,2.066722,1.9714931,1.8895485,1.8195904,1.7602856,1.7110367,1.6701982,1.6378382,1.6135214,1.5960896,1.5852114,1.5821837,1.584921,1.593702,1.6089771,1.6304317,1.6580364,1.692884,1.7342045,1.7823946,1.8380472,1.9018707,1.973451,2.0532207,2.1420208,2.2390457,2.3444752,2.459938,2.5840416,2.7159248,2.8512646,2.9881481,3.1221222,3.2474556,3.3597668,3.4509388,3.5175667,3.562152,3.5894768
Dominican Republic,8.070448,7.775284,7.495548,7.22028,6.956423,6.698912,6.4468994,6.2013622,5.9577175,5.7168594,5.47837,5.241133,5.0150223,4.7993187,4.603864,4.4231163,4.2645226,4.1237007,4.0045235,3.905864,3.8235435,3.7514446,3.694876,3.648544,3.6087017,3.5774334,3.5529526,3.5356827,3.5235287,3.5150738,3.51183,3.508826,3.5097427,3.5089016,3.5092754,3.5050358,3.4759315,3.4340744,3.3736862,3.3002884
East Timor,,,,22.102188,21.104716,20.147548,19.225667,18.362477,17.552658,16.790883,16.070233,15.373553,14.69139,14.039517,13.413643,12.812537,12.233586,11.672656,11.134386,10.6073135,10.1141426,9.636839,9.179839,8.758262,8.36702,8.00505,7.681091,7.398573,7.142969,6.921951,6.71576,6.531071,6.3473022,6.156693,5.9659317,5.7691814,5.5810047,5.3917053,5.21612,5.0548973
Ecuador,8.23407,7.788447,7.357839,6.949781,6.5833954,6.2545494,5.952761,5.673817,5.406391,5.141081,4.879456,4.612423,4.345665,4.0774456,3.8158073,3.5691563,3.3445503,3.1426208,2.9625803,2.8061731,2.6696363,2.5515142,2.4467499,2.3515812,2.2598934,2.1683643,2.0768387,1.986557,1.897914,1.8131933,1.7334816,1.6602114,1.5952385,1.5365337,1.4837742,1.4351072,1.3884521,1.3411065,1.2928551,1.2460622
Egypt,14.888873,13.89151,12.878442,11.892593,10.996983,10.223175,9.573048,9.030246,8.568529,8.146222,7.735627,7.319179,6.892095,6.463936,6.0493397,5.659663,5.2967278,4.9677288,4.6700073,4.401723,4.16202,3.948634,3.7592304,3.586391,3.4268387,3.280977,3.1410936,3.007844,2.8787466,2.7575502,2.6436455,2.5338465,2.4318436,2.3422955,2.2580986,2.1783554,2.1016232,2.029165,1.9584423,1.8957832
El Salvador,9.513395,8.99139,8.48131,7.990157,7.528696,7.100505,6.706097,6.337836,5.9995296,5.6741547,5.366925,5.066686,4.773465,4.4930847,4.2219364,3.968681,3.7317272,3.514252,3.313525,3.1308327,2.958829,2.7962542,2.6432665,2.501584,2.3709768,2.2489428,2.1383839,2.0313284,1.932579,1.8365713,1.7526329,1.673984,1.6034273,1.5406713,1.4830615,1.4275109,1.37837715,1.33239155,1.284435,1.2426689
Equatorial Guinea,20.03221,19.649034,19.235536,18.866907,18.5737,18.342455,18.157182,17.997562,17.85329,17.714532,17.573865,17.43528,17.300534,17.12978,16.906226,16.645363,16.32829,15.953345,15.55022,15.132106,14.699107,14.241643,13.798642,13.346368,12.87841,12.406275,11.9577354,11.533977,11.127354,10.745737,10.3581116,10.022683,9.679761,9.373712,9.0635735,8.761627,8.470867,8.188847,7.9294174,7.6775
Eritrea,18.759612,18.468666,18.167235,17.829396,17.443033,16.997255,16.496611,15.930667,15.30903,14.609438,13.84998,13.05307,12.247019,11.4662895,10.746111,10.098814,9.521299,9.012184,8.5487495,8.130443,7.74727,7.391261,7.06401,6.7621155,6.473136,6.204436,5.9577488,5.735379,5.5210533,5.3299335,5.1545486,4.9769608,4.8118587,4.639294,4.485444,4.3395447,4.194673,4.0583153,3.9319813,3.8091557
Estonia,2.0875013,2.015952,1.9542124,1.903008,1.8615448,1.8290604,1.8034311,1.782415,1.7655722,1.7507286,1.7311073,1.6961626,1.6416843,1.5682422,1.4815056,1.3861219,1.2889023,1.1939063,1.1021021,1.0138035,0.9299745,0.8519418,0.7798009,0.7136328,0.65257826,0.59703965,0.54637313,0.49999833,0.45898943,0.42250423,0.3903281,0.36176312,0.33557618,0.31139805,0.28863342,0.2672747,0.24738023,0.22911541,0.2132294,0.19995837
Eswatini,10.286079,10.794326,9.171946,8.645064,8.16235,7.718455,7.336067,7.033137,6.825399,6.753304,6.855197,7.152439,7.662148,8.354817,9.074701,9.731943,10.327212,10.8097176,11.225303,11.53017,11.699042,11.841426,11.890311,11.892896,10.9481415,10.50836,10.3665825,9.821533,8.834365,7.650109,7.03843,6.785115,6.793191,6.442504,6.1845943,6.322677,5.964403,5.6902073,5.6164883,5.263263
Ethiopia,23.356071,22.98135,22.58174,22.156757,21.74361,21.334361,20.93691,20.519919,20.077786,19.593002,19.05502,18.455219,17.808826,17.144551,16.49095,15.850943,15.235263,14.64691,14.04681,13.440501,12.807751,12.1693726,11.527725,10.888614,10.282294,9.706512,9.17181,8.670285,8.206868,7.770338,7.356467,6.9635544,6.589341,6.2371655,5.90213,5.596839,5.3241505,5.085436,4.874897,4.6811466
Fiji,4.0385815,3.8549168,3.685669,3.5303497,3.392155,3.2619034,3.1355108,3.0191105,2.9074934,2.799874,2.6967846,2.6047316,2.5240604,2.4548645,2.3944668,2.344605,2.304437,2.275816,2.2583244,2.2505953,2.2540905,2.2700207,2.2964558,2.3267128,2.355134,2.376079,2.3845299,2.3812355,2.372049,2.365019,2.3648542,2.3770065,2.4064125,2.4483383,2.5004347,2.560748,2.6270584,2.6940369,2.7475384,2.772603
Finland,0.78651133,0.7614904,0.74484797,0.7338667,0.72622333,0.7189479,0.70876594,0.6935532,0.6717226,0.6432341,0.6104961,0.57725363,0.54574246,0.5175402,0.4934505,0.4732809,0.4559562,0.44104667,0.4280879,0.41664343,0.40621805,0.39642022,0.38619378,0.3745135,0.36121604,0.3466191,0.33167593,0.31660285,0.30221167,0.28886416,0.27658932,0.26570034,0.25631173,0.24871185,0.24247367,0.2373024,0.23230624,0.22744992,0.22240038,0.21700695
France,1.1496505,1.1091204,1.0702754,1.0353577,1.00598135,0.9811409,0.9572981,0.9315082,0.8997171,0.8588875,0.8098026,0.75514545,0.6994561,0.649612,0.61098127,0.58320503,0.5642138,0.5509372,0.53936844,0.52583385,0.5098737,0.4929118,0.4764144,0.4623031,0.45194716,0.4442075,0.43679214,0.42873645,0.4211197,0.415075,0.4112501,0.4102405,0.41215773,0.41596704,0.4208373,0.426065,0.4310444,0.43491764,0.43680997,0.4353803
Gabon,11.194914,10.856796,10.548369,10.2631355,10.000656,9.773827,9.566966,9.3985214,9.243802,9.1185745,9.026428,8.944252,8.8974434,8.858403,8.820722,8.766301,8.6922775,8.586636,8.44801,8.27645,8.0825066,7.876116,7.6589386,7.432523,7.212711,6.95544,6.705974,6.4575714,6.176692,5.9265667,5.6774544,5.4210407,5.219282,5.040425,4.8363213,4.659009,4.491073,4.3198807,4.1030632,3.974532
Gambia,21.689229,21.042583,20.38086,19.73042,19.083229,18.447136,17.831631,17.237965,16.653842,16.084613,15.532527,14.97193,14.414168,13.875078,13.345381,12.829639,12.330427,11.84452,11.368106,10.907078,10.452196,10.015842,9.589502,9.183584,8.783433,8.408668,8.057661,7.716708,7.395326,7.0846245,6.798981,6.522086,6.2613422,6.00933,5.7694912,5.5481647,5.3397255,5.148903,4.963262,4.7885857
Georgia,5.511645,5.3325665,5.178852,5.0556328,4.9605816,4.896132,4.8525234,4.8197083,4.7888134,4.7544212,4.7159283,4.6694405,4.607267,4.5213943,4.4103485,4.2729298,4.1081123,3.907087,3.6796272,3.4309402,3.165937,2.8925728,2.6231047,2.3655937,2.1255278,1.9087585,1.71892,1.5539716,1.4147276,1.300658,1.2096642,1.1402517,1.0880133,1.0495411,1.0218329,1.0004375,0.9836963,0.9701499,0.9581501,0.9479781
Germany,1.3220613,1.2456678,1.1766684,1.11486025,1.0584552,1.005203,0.9537144,0.9031489,0.8531486,0.8044119,0.758651,0.71688623,0.67935576,0.6461613,0.6170391,0.59181995,0.5701241,0.5514243,0.53546324,0.5217181,0.5093021,0.49731684,0.4851727,0.4729147,0.46070313,0.4486932,0.4372743,0.42681503,0.41753373,0.4097195,0.40352964,0.3992076,0.3961303,0.39342804,0.39034557,0.3861476,0.38025024,0.37285259,0.36487424,0.35651188
Ghana,16.417758,16.211288,15.91233,15.503967,15.001942,14.438834,13.847488,13.278752,12.765012,12.343602,12.01496,11.783289,11.613078,11.455724,11.273386,11.046841,10.752271,10.395411,10.010447,9.604404,9.224991,8.890849,8.606756,8.352402,8.116527,7.87457,7.6060356,7.304814,6.9842285,6.654326,6.3417862,6.049836,5.781609,5.537351,5.3109695,5.1017918,4.9070168,4.7213512,4.55024,4.3974525
Greece,1.706398,1.6228804,1.5444955,1.4614085,1.3724936,1.279603,1.188155,1.1069735,1.0382379,0.9844526,0.9439878,0.9117699,0.8815039,0.848136,0.8119004,0.77304053,0.73126197,0.6868918,0.64144783,0.5971086,0.55655785,0.52006354,0.48681545,0.45705733,0.4316343,0.4120699,0.39862719,0.39132316,0.3901106,0.39430609,0.40330477,0.41550565,0.4278566,0.43697867,0.4397328,0.4328995,0.4191283,0.40252233,0.38682234,0.37140977
Grenada,3.4242054,3.2404743,3.0664295,2.9032747,2.75458,2.6133469,2.4812607,2.354865,2.232577,2.1143028,2.0029543,1.9004831,1.8113678,1.7354,1.6725147,1.6229336,1.5861798,1.558719,1.5397989,1.5282983,1.5207654,1.5166763,1.5142341,1.5130849,1.5124868,1.5141697,1.51991825,1.5299315,1.5420757,1.5562457,1.5730266,1.5899184,1.6059992,1.6192265,1.6308357,1.6389103,1.6450243,1.645859,1.6377779,1.6180647
Guatemala,13.46373,10.867867,10.43544,10.006906,9.589623,9.1870804,8.791745,8.40964,8.042652,7.688957,7.350709,7.0284325,6.7222565,6.43353,6.161128,5.9044018,5.6592514,5.4303642,5.2120777,5.00624,4.8122375,4.622405,4.443963,4.2699005,4.1016193,3.939074,3.7796818,3.6280895,3.4828625,3.3404774,3.2050552,3.0755474,2.9513012,2.8394325,2.7347666,2.6346107,2.5437904,2.456981,2.3798761,2.3019255
Guinea,27.16945,26.695947,26.227658,25.753238,25.286821,24.811906,24.33661,23.818864,23.274881,22.685213,22.050296,21.38667,20.695525,19.998085,19.302115,18.613434,17.925192,17.240953,16.557138,15.900381,15.285959,14.70477,14.183228,13.724684,13.327594,12.982564,12.6896194,12.428076,12.190526,11.9760895,11.774887,11.574975,11.4455284,11.26136,11.012224,10.831447,10.622057,10.4019005,10.156269,9.872694
Guinea-Bissau,,,,24.440965,23.956644,23.528142,23.110358,22.689662,22.283327,21.846262,21.412029,20.955978,20.495116,20.013544,19.501637,19.000923,18.495712,17.971237,17.449527,16.90575,16.34251,15.763535,15.148068,14.520561,13.892838,13.26437,12.630711,12.014992,11.4350136,10.9038506,10.389596,9.9394875,9.545713,9.1845,8.857307,8.547573,8.242663,7.9525635,7.6977135,7.430531
Guyana,6.899108,6.834184,6.7588844,6.674164,6.587964,6.484329,6.365608,6.2316246,6.0888077,5.933115,5.7742256,5.6146084,5.4586502,5.3140892,5.174483,5.042843,4.912953,4.785648,4.6600536,4.542642,4.4308136,4.3251873,4.230804,4.1388367,4.0526436,3.9667404,3.883506,3.8071186,3.7354195,3.6618458,3.5863,3.500094,3.4123173,3.311173,3.218102,3.1277206,3.0320955,2.9432093,2.8528278,2.7678371
Haiti,18.046367,17.564609,17.0947,16.631828,16.185606,15.749483,15.322742,14.902533,14.491945,14.077376,13.660431,13.241136,12.815346,12.389261,11.968815,11.5507774,11.148229,10.753724,10.387425,10.046282,9.729339,9.4446686,9.1874535,8.9534515,8.731493,8.5214775,8.329155,8.137559,13.01231,7.764166,7.577065,7.3897964,7.197901,7.012799,6.821268,6.6340805,6.437076,6.2499466,6.0505756,5.8632683
Honduras,8.622191,8.210523,7.823371,7.4482605,7.090643,6.75311,6.4308044,6.1229317,5.8345806,5.5640575,5.3147625,5.079934,4.859823,4.6548946,4.457286,4.268951,6.418444,3.9161537,3.7457962,3.5813744,3.4249805,3.2750782,3.1358166,3.0043678,2.881531,2.766885,2.6620762,2.5613295,2.4659325,2.3751753,2.289177,2.2084244,2.1288303,2.0519653,1.976915,1.9061615,1.8395945,1.7763884,1.71365,1.6555912
Hungary,2.2063568,2.194657,2.187209,2.158278,2.0892466,1.9739697,1.8478533,1.7618507,1.7217321,1.6755346,1.5759048,1.4454396,1.3297359,1.2494104,1.1927345,1.1495711,1.1102405,1.0660836,1.01361,0.9556868,0.8962113,0.8401995,0.79298553,0.75500574,0.72055917,0.684986,0.65060616,0.62172923,0.6008645,0.58569345,0.574416,0.5607678,0.53826385,0.50625477,0.4728576,0.4451152,0.42478743,0.41201777,0.40487547,0.39958823
Iceland,0.8657745,0.8243786,0.78802195,0.755985,0.7286127,0.70410185,0.6814537,0.66021986,0.63892035,0.6180853,0.597192,0.57579937,0.55402756,0.53045416,0.50560765,0.479945,0.4535627,0.4271455,0.4019473,0.37829843,0.35679388,0.33766034,0.32129626,0.3072341,0.2955395,0.28569164,0.27763572,0.27157896,0.26706746,0.26425018,0.26273346,0.2623521,0.26278234,0.26365376,0.26543467,0.26715107,0.26870427,0.26876662,0.2665779,0.26358929
India,15.897327,15.451814,15.02729,14.620547,14.22194,13.82202,13.421835,13.032399,12.65301,12.291843,11.949,11.615272,11.283576,10.941751,10.598983,10.248199,9.889062,9.525988,9.163371,8.803526,8.4502785,8.106059,7.769088,7.438504,7.109286,6.778884,6.452374,6.1294506,5.810156,5.4990837,5.1971855,4.9054913,4.6232468,4.356927,4.104287,3.866109,3.6428986,3.4329018,3.237691,3.0619213
Indonesia,11.34002,10.975082,10.610272,10.245479,9.88448,9.518396,9.147707,8.774065,8.397592,8.021763,7.655759,7.296924,6.952965,6.625539,6.3145267,6.017587,5.7374878,5.473298,5.2226475,4.9867996,4.7635963,4.5511944,4.9601486,4.1662285,3.991705,3.8283684,3.6741413,3.5263058,3.3850388,3.2503674,3.1228703,2.9995901,2.8807047,2.7682627,2.6601171,2.5572803,2.4642334,2.3750137,2.293901,2.2173412
Iran,9.2511284,8.6265045,8.08482,7.600027,7.16818,6.768723,6.3939465,6.0463665,5.730505,5.446459,5.1948875,4.9698593,4.765762,4.573318,4.3834618,4.1949448,4.0029922,3.806947,3.60813,3.405165,3.2031055,3.004496,2.8116962,2.632346,2.4665895,2.3115162,2.1705355,2.0423895,1.9310514,1.836028,1.7532652,1.6799416,1.6145466,1.5532366,1.4995876,1.4460907,1.3980607,1.3494951,1.3046858,1.2631342
Iraq,6.7514046,6.521284,6.311212,6.1167385,5.941869,5.78292,5.641004,5.513998,5.3996246,5.2901966,5.191295,5.0965614,5.001832,4.9107815,4.8172764,4.72475,4.6310192,4.5383442,4.444749,4.3543724,4.268097,4.1805855,4.092866,4.0021175,3.9048737,3.8055767,3.701767,3.5967686,3.488769,3.382882,3.278033,3.1749207,3.0751024,2.976198,2.8818895,2.7904284,2.704599,2.6234568,2.5357887,2.4521646
Ireland,1.2352228,1.1680864,1.114716,1.0723072,1.0392199,1.0148069,0.9918078,0.9597714,0.914794,0.8639719,0.8130851,0.7705742,0.74244437,0.73095717,0.72971816,0.7322061,0.7332257,0.7279142,0.71377797,0.6876134,0.6491611,0.60392776,0.55915504,0.5192859,0.4863799,0.46161795,0.4434078,0.42907715,0.4166929,0.40632644,0.39714577,0.3885584,0.37960944,0.36988027,0.35974658,0.34946918,0.33963416,0.33064106,0.32245946,0.31456897
Israel,1.662766,1.5931952,1.519163,1.4433029,1.3689199,1.3036649,1.2512044,1.2077445,1.1634871,1.112313,1.0533169,0.9872397,0.9205904,0.8622131,0.8153287,0.776817,0.74432964,0.71539865,0.689195,0.664555,0.6393682,0.61257634,0.58481607,0.5576516,0.532575,0.5097861,0.4897844,0.4718325,0.4556619,0.44057937,0.4266043,0.41410165,0.4029856,0.39327283,0.38448188,0.3753219,0.36502242,0.35433118,0.34435077,0.33565948
Italy,1.4337789,1.3498864,1.2707028,1.1984247,1.1348033,1.0808494,1.035941,0.99906225,0.9673433,0.9335899,0.8928471,0.8458179,0.7971007,0.7490588,0.7031863,0.6603215,0.6212498,0.5868859,0.5570661,0.53032646,0.5055358,0.4828647,0.4632953,0.4470842,0.4339513,0.42355003,0.4145635,0.4057043,0.39626997,0.3866491,0.3774211,0.36872878,0.3608518,0.3530894,0.3441164,0.33223648,0.31728072,0.29948075,0.28000488,0.261415
Jamaica,3.6016792,3.481818,3.368591,3.261364,3.159788,3.0646006,2.9723421,2.8842356,2.8026758,2.7218695,2.6459934,2.5698486,2.495153,2.4214302,2.3524704,2.2823534,2.2173038,2.153153,2.093291,2.0412119,1.9974451,1.9582249,1.9239754,1.8934528,1.8671844,1.8388348,1.8066574,1.7688011,1.727966,1.6820349,1.6348413,1.5875663,1.5426067,1.5003088,1.4565904,1.412571,1.3698199,1.3248658,1.2829807,1.2398633
Japan,0.8818156,0.8329369,0.78812423,0.74778557,0.7129875,0.6840868,0.66174917,0.64501767,0.6326428,0.62272944,0.6131567,0.6014946,0.58669834,0.5680313,0.54571466,0.52152705,0.4968418,0.47272773,0.4505374,0.43062177,0.41331983,0.39862258,0.38603091,0.37449977,0.36326795,0.35220683,0.34117262,0.33035107,0.31993673,0.32068934,0.30062501,0.2918749,0.28367758,0.27595935,0.2686671,0.26158514,0.2543676,0.24680982,0.23872714,0.23023767
Jordan,5.0328697,4.807329,4.592026,4.3918907,4.2047497,4.0311672,3.874471,3.7287388,3.5977245,3.47888,3.368553,3.2643295,3.1685932,3.0796766,2.9952475,2.914621,2.8364126,2.7609928,2.6848831,2.6097124,2.535819,2.464264,2.392551,2.3244156,2.256297,2.1932835,2.1321154,2.0717325,2.014415,1.9585247,1.9034494,1.8522781,1.8021471,1.7507523,1.6993366,1.6487629,1.6005787,1.5526398,1.5047127,1.4598967
Kazakhstan,6.628594,6.3990444,6.1764656,5.9609844,5.75731,5.5750137,5.4062553,5.261608,5.1737587,5.1514317,5.1772224,5.2342953,5.2856834,5.2703495,5.1697575,5.0009853,4.777775,4.5265568,4.2605263,3.996566,3.7481827,3.524838,3.3167843,3.1104156,2.899743,2.6856684,2.46834,2.251116,2.0365469,1.8292442,1.6340315,1.4559845,1.30382185,1.1855748,1.1032424,1.0515582,1.02578535,1.01882715,1.0220704,1.0274288
Kenya,10.399573,10.123176,9.905815,9.745342,9.661659,9.666075,9.761735,9.944232,10.19716,10.4860344,10.7625145,10.971058,11.079288,11.090092,11.0032265,10.8374985,10.5882965,10.268276,9.8824005,9.4466515,8.9899254,8.5303764,8.0793495,7.5986404,7.1635925,6.7560875,6.270133,5.86796,5.6069885,5.3923637,5.223383,5.0065247,4.8051563,4.5862312,4.3840668,4.2408245,4.0831833,3.9437916,3.8572624,3.7152622
Kiribati,11.5636246,11.352803,11.118558,10.861535,10.5662384,10.245016,9.900776,9.526637,9.156085,8.800371,8.473475,8.179881,7.92047,7.697882,7.5016624,7.3148865,7.136269,6.95755,6.7870964,6.637318,6.525752,6.456534,6.431673,6.445736,6.4826744,6.521294,6.5401855,6.512543,6.4485916,6.3300426,6.208207,6.0663914,5.9073494,5.7535236,5.6089478,5.4433895,5.285774,5.1359554,4.9804363,4.8229107
Kosovo,,,,14.759612,13.738783,12.831847,11.9720924,11.1786736,10.458031,9.767705,9.133863,8.520632,7.9365814,7.3769516,6.832843,6.3113026,5.8084614,5.332903,4.878415,4.4542557,4.062063,3.7028496,3.375082,3.0805391,2.8182692,2.581542,2.3751558,2.1881134,2.0238384,1.8766296,1.7464096,1.631506,1.5282649,1.4350041,1.3478779,1.264448,1.1877255,1.1163578,1.0535747,0.9982454
Kuwait,3.0018698,2.7287241,2.4929388,2.2983953,2.1456766,2.016003,1.8858215,1.7490362,1.8037178,1.5382914,1.4808255,1.4490809,1.4360951,1.4273052,1.40905695,1.3798368,1.3454816,1.3102929,1.2785267,1.2539041,1.2348722,1.2159163,1.1955172,1.1754177,1.1587119,1.1428816,1.1245347,1.1011082,1.0712071,1.0343595,0.9952393,0.959754,0.9312631,0.90963955,0.8952465,0.8865514,0.8825501,0.8817295,0.8797602,0.8733754
Kyrgyzstan,9.268969,8.851362,8.429015,7.988586,7.562873,7.176658,6.836122,6.5877106,6.455442,6.441353,6.479618,6.495749,6.452727,6.3180374,6.095285,5.824934,5.540409,5.2595764,4.987352,4.7348713,4.500327,4.2894444,4.1029816,3.9295746,3.7634724,3.5849316,3.382373,3.1653875,2.958238,2.7698425,2.6056498,2.4679775,2.3449404,2.2269293,2.1085632,1.996936,1.9033411,1.8293571,1.7763582,1.7399975
Laos,19.488586,18.96984,18.464317,17.956877,17.451863,16.948541,16.435094,15.924837,15.406477,14.889336,14.375514,13.861412,13.36645,12.892519,12.4308815,11.9897934,11.5557236,11.138762,10.727977,10.312792,9.896177,9.488007,9.080609,8.6796165,8.286013,7.89747,7.525187,7.170038,6.828633,6.50465,6.1967907,5.90236,5.6221474,5.3739132,5.1488472,4.938507,4.7497044,4.580002,4.413102,4.2509922
Latvia,2.0280458,1.9616995,1.8647688,1.7453806,1.6312908,1.5561599,1.5383183,1.5812171,1.6870064,1.8274958,1.946092,1.9995174,1.9991312,1.9667736,1.9024076,1.798408,1.6627153,1.5296046,1.4224867,1.3375406,1.2608179,1.1859476,1.1147351,1.0487022,0.9882889,0.9325908,0.8811569,0.830958,0.7785774,0.7232944,0.66486464,0.60534177,0.55106163,0.5065599,0.4707794,0.44169197,0.417757,0.39818978,0.3817207,0.36795979
Lebanon,4.7403812,4.5440742,4.3409225,4.1376907,3.936562,3.740932,3.5588005,3.3861435,3.224285,3.0708797,2.929862,2.8000616,2.673431,2.5547346,2.4407152,2.3330227,2.2244267,2.1180508,2.0097385,1.9016579,1.789986,1.6822142,1.5767268,1.4806826,1.3915666,1.3088995,1.2378965,1.1771409,1.1229535,1.0763758,1.0349797,0.9992541,0.96906395,0.9432629,0.9203432,0.9011824,0.8832885,0.8650362,0.8452377,0.823884
Lesotho,11.158321,10.6199036,10.148351,9.737727,9.3786125,9.065537,8.813221,8.602512,8.446389,8.377887,8.412153,8.570753,8.8645096,9.22216,9.589884,9.921425,10.229703,10.4994576,10.749716,10.963905,11.1582146,11.338551,11.5025375,11.654633,11.676121,11.373467,11.134849,10.164065,9.303074,8.938333,8.685338,8.510778,8.397853,8.248555,7.781813,7.5476326,7.6374504,7.7187096,7.5490234,7.292536
Liberia,23.890573,23.769348,23.789284,23.965948,24.319914,24.827414,25.404527,25.950314,26.356784,26.57078,26.50423,26.14953,25.535222,24.719264,23.736296,22.631906,21.447499,20.201028,18.91751,17.612616,16.326372,15.098874,13.965677,12.958163,12.102559,11.398872,10.8231766,10.360938,9.991065,9.6814514,9.422628,9.204849,9.215015,8.832409,8.625537,8.446597,8.257112,8.056006,7.8294914,7.604017
Libya,6.404855,6.0838764,5.7707985,5.476075,5.1899185,4.9193542,4.6618122,4.411647,4.17964,3.965943,3.7743275,3.600644,3.4481884,3.3136456,3.1920715,3.0820515,2.9843472,2.895131,2.8100933,2.728252,2.6453848,2.5517517,2.441651,2.3128323,2.1687037,2.0175245,1.876426,1.7581688,1.6603964,1.9490671,1.5045925,1.4407649,1.38193445,1.328778,1.277266,1.2325358,1.1900148,1.1502458,1.1122594,1.0765929
Lithuania,1.9233068,1.8750254,1.8187569,1.7386812,1.6371279,1.5249934,1.4299401,1.4053553,1.5009971,1.6747158,1.804324,1.7953936,1.6773815,1.5098987,1.3479647,1.22947645,1.1612574,1.1160563,1.0714811,1.0264993,0.988008,0.9589962,0.9328233,0.9003953,0.858079,0.8026766,0.7372785,0.6689812,0.6043017,0.5516507,0.51871986,0.5051149,0.49857745,0.48828835,0.4688723,0.441257,0.4080678,0.37613137,0.35040107,0.33087552
Luxembourg,1.2476604,1.2056217,1.1643456,1.1215664,1.077644,1.0318182,0.98491535,0.9353729,0.8837805,0.8314097,0.77925205,0.7279057,0.67880483,0.63289003,0.59047723,0.55125475,0.51551404,0.48294015,0.45299225,0.42535806,0.39943557,0.37584054,0.354409,0.33624787,0.32088516,0.3079616,0.29773233,0.28969002,0.28390436,0.27974381,0.277197,0.27628608,0.27637107,0.27748618,0.2791522,0.2811097,0.281782,0.2807327,0.27808654,0.2734924
Madagascar,17.639062,17.791875,17.828606,17.740819,17.517744,17.145389,16.671593,16.13575,15.597658,15.072495,14.572006,14.094672,13.609464,13.108818,12.6011,12.076605,11.541243,11.020459,10.526027,10.0617065,9.6253265,9.2157196,8.8304115,8.468511,8.128883,7.817025,7.538926,7.293826,7.0916336,6.924272,6.79526,6.699219,6.6350685,6.595982,6.579247,6.574401,6.584341,6.605271,6.611898,6.6003
Malawi,24.694475,24.65009,24.912889,25.29024,25.598146,25.721902,25.536159,25.099687,24.491457,23.788126,23.000052,22.218608,21.56629,21.004324,20.498647,19.987553,19.375005,18.542854,17.42057,16.043324,14.572285,13.177518,11.96658,11.043438,10.389889,9.912401,9.340904,8.814854,8.3015656,7.6883736,7.051419,6.446523,5.9825966,5.6640434,5.350587,5.0651512,4.776961,4.5564545,4.3509594,4.1899284
Malaysia,2.6349115,2.465787,2.3131413,2.1728863,2.0461147,1.9321825,1.8321392,1.741917,1.6585064,1.581726,1.5099277,1.4435728,1.3842184,1.3343783,1.29091215,1.240911,1.1741404,1.0955423,1.016424,0.9457738,0.889934,0.8531546,0.8321299,0.8206979,0.8146606,0.8125702,0.8133805,0.8148699,0.8138576,0.8096516,0.80629,0.8076104,0.81196785,0.8157201,0.8155494,0.8106817,0.8013252,0.78804665,0.77238727,0.75561275
Maldives,13.422197,12.687038,11.99885,11.343172,10.725138,10.142701,9.585249,9.064462,8.566211,8.087615,7.619816,7.155173,6.6872475,6.2239227,5.760574,5.2954643,4.824377,4.3615944,3.9102104,3.4738052,3.0737947,2.7176754,2.6884897,2.1475674,1.9329836,1.7561468,1.6113392,1.4894475,1.3856319,1.2938562,1.2104425,1.1308727,1.0536118,0.9772988,0.9029556,0.83043375,0.76164455,0.69693108,0.6422458,0.59616127
Mali,28.460822,27.666174,26.884784,26.13556,25.433572,24.787358,24.187434,23.636711,23.135068,22.692232,22.291753,21.915697,21.557553,21.203342,20.815565,20.379625,19.896837,19.349011,18.766728,18.151129,17.52825,16.922746,16.333955,15.777109,15.253471,14.755954,14.285634,13.838142,13.413138,13.003711,12.612726,12.249904,11.900492,11.563753,11.239843,10.931421,10.619731,10.312911,10.005843,9.7066925
Malta,1.5654212,1.5071677,1.4491576,1.3901697,1.3317773,1.2757716,1.2250895,1.1782509,1.1355974,1.0951011,1.0569494,1.0186215,0.9796754,0.9400552,0.899812,0.8605892,0.8233137,0.7900535,0.76155896,0.73731017,0.71845756,0.7042734,0.695001,0.6883738,0.68574924,0.68400254,0.6837123,0.6834824,0.68242693,0.68094225,0.6782111,0.67386937,0.667503,0.6596705,0.65027113,0.63934555,0.62719336,0.61328154,0.59837437,0.58320065
Marshall Islands,6.128508,5.97509,5.8100967,5.6449745,5.470648,5.2931564,5.114361,4.930384,4.749231,4.569953,4.4063534,4.27525,4.1763107,4.121105,4.1083622,4.124165,4.1577305,4.188922,4.206224,4.2111317,4.2013172,4.18051,4.1449474,4.1106125,4.0705837,4.0304523,3.9918427,3.9552353,3.9131397,3.8674183,3.8015884,3.7252808,3.6391247,3.551036,3.4583843,3.3614594,3.2732353,3.1756798,3.072168,2.9727413
Mauritania,15.681378,15.17791,14.611371,13.959303,13.328891,12.767908,12.30482,11.953644,11.721962,11.5534966,11.433097,11.34486,11.254208,11.156913,11.033594,10.859591,10.612565,10.286112,9.877356,9.396333,8.868663,8.311902,7.765234,7.251654,6.802721,6.423472,6.1162083,5.8636944,5.6663464,5.4909473,5.337498,5.193213,5.046151,4.8942623,4.7423725,4.5966164,4.4559925,4.3180798,4.182714,4.0498463
Mauritius,3.4497234,3.067407,2.862963,2.8683786,2.9223558,2.867156,2.6966751,2.4934778,2.312169,2.182473,2.118273,2.1139282,2.1569098,2.225368,2.27388,2.2562994,2.1700014,2.0369717,1.8845293,1.7489202,1.656439,1.602358,1.5760362,1.5630334,1.5472659,1.5163983,1.4796043,1.458473,1.4623354,1.4759143,1.485792,1.4867261,1.4753545,1.4600353,1.4570319,1.4857636,1.5355823,1.590694,1.6329649,1.6617207
Mexico,6.539865,6.2475765,5.9714314,5.706372,5.4519066,5.206419,4.9738487,4.7508575,4.535449,4.3265842,4.12768,3.9375168,3.7542164,3.579477,3.4139416,3.2545345,3.1038797,2.9620817,2.8286877,2.704212,2.5868292,2.4791641,2.3803473,2.2892029,2.205182,2.1269003,2.0539524,1.9842775,1.917415,1.8540302,1.7925112,1.7334078,1.6763996,1.6214237,1.5683389,1.5165631,1.46618595,1.4164002,1.370521,1.3240743
Micronesia (country),5.913975,5.837697,5.7533974,5.6468212,5.5167484,5.366719,5.2075356,5.051842,4.9151382,4.7917057,4.6855293,4.593298,4.5045322,4.414632,4.307723,4.1910904,4.0712383,3.950392,3.8459846,3.751949,4.1432014,3.6309273,3.606653,3.6006058,3.5966537,3.5910732,3.559472,3.5092365,3.4489647,3.373506,3.3026398,3.203095,3.1091541,3.0168753,2.9226763,2.8208141,2.7337183,2.6402596,2.5637234,2.4850218
Moldova,4.6665474,4.465848,4.251626,4.043208,3.8376324,3.6440422,3.4886345,3.3804424,3.341954,3.3725784,3.4741894,3.6151943,3.7577393,3.8578156,3.8818565,3.8185463,3.667749,3.4337536,3.1459557,2.838915,2.5590965,2.3142454,2.1230589,1.9827051,1.882215,1.815308,1.7700113,1.7328434,1.7088997,1.6837809,1.6566315,1.6286972,1.6029829,1.5782396,1.5530662,1.5265058,1.5025462,1.4741839,1.4498289,1.419652
Monaco,,,,0.9741346,0.9297981,0.88769655,0.8482842,0.8119694,0.7763825,0.74239993,0.71031055,0.6797102,0.65130873,0.62444887,0.59895444,0.57523746,0.5535798,0.5337321,0.51544123,0.4990958,0.48442187,0.47133856,0.45923905,0.4481324,0.4376353,0.42777424,0.4179296,0.40863194,0.39940271,0.3905597,0.381053,0.37166162,0.36193757,0.35208008,0.3420011,0.33153903,0.32174683,0.311765,0.3016085,0.29236386
Mongolia,15.145589,14.593668,14.045206,13.48252,12.897601,12.329901,11.770904,11.229839,10.742955,10.291641,9.870743,9.4690895,9.086083,8.68887,8.265161,7.8173355,7.34866,6.860502,6.3640602,5.8637585,5.379276,4.9190567,4.4927692,4.1005806,3.7429436,3.413759,3.1187044,2.8558672,2.6285522,2.4358145,2.2762117,2.145251,2.0379778,1.9427027,1.8504581,1.7612413,1.678688,1.6035736,1.535289,1.4734358
Montenegro,,,2.733376,2.4837872,2.2550472,2.053906,1.8835897,1.7480299,1.645729,1.5767319,1.53636465,1.5153664,1.508258,1.5081605,1.5075502,1.503469,1.4896821,1.462032,1.4197055,1.3625253,1.2943832,1.218573,1.1372519,1.0545464,0.9719129,0.8912647,0.8141569,0.74100103,0.6725786,0.60964785,0.5519022,0.4991259,0.4510893,0.4073842,0.3675341,0.3315349,0.29897544,0.27007437,0.24592273,0.22629364
Montserrat,2.5376097,2.411728,2.292686,2.179584,2.0730751,1.9751196,1.8827572,1.7965,1.7123516,1.6372734,1.5623154,1.489296,1.422898,1.3608776,1.30104065,1.2443594,1.1908204,1.1399221,1.090171,1.04662285,1.0045446,0.96748,0.9308735,0.900735,0.8692189,0.8401853,0.8116436,0.78415976,0.7580269,0.73394456,0.70929465,0.68687744,0.66460056,0.642087,0.62221346,0.60115523,0.58141007,0.56226125,0.54419546,0.5273539
Morocco,12.112987,11.4848755,10.884872,10.3202194,9.793004,9.303412,8.856198,8.452027,8.080207,7.734143,7.4079124,7.091167,6.789249,6.496295,6.217993,5.9510574,5.700443,5.4626064,5.2351147,5.015507,4.8011547,4.5860935,4.369897,4.1513176,3.930199,3.7152996,3.505958,3.3094208,3.1253752,2.9531534,2.792507,2.6388666,2.4940388,2.3603764,2.237699,2.1322449,2.0381056,1.9520866,1.8744251,1.7995571
Mozambique,26.7621,26.630197,26.402927,26.092688,25.76862,25.447574,25.147847,24.866376,24.566954,24.20934,23.840976,23.366989,22.779698,22.038713,21.182521,20.193779,19.130731,18.075302,17.066171,16.125514,15.295576,14.543434,13.85537,13.23286,12.64882,11.925747,11.322542,10.745149,10.476009,10.059499,9.6402115,9.2076416,8.826823,8.402059,8.078948,7.839502,7.632826,7.3498375,7.163714,6.9558426
Myanmar,13.532997,13.267459,13.020702,12.775526,12.533601,12.287656,12.0353004,11.784964,11.530936,11.26992,11.0076225,10.739549,10.466306,10.197838,9.931942,9.669172,9.411798,9.1682755,8.926219,8.6854645,8.446543,8.201511,7.951784,7.690851,7.427273,7.156893,9.8683235,6.607321,6.343363,6.0763977,5.8205402,5.5883022,5.3759575,5.178597,4.986838,4.807173,4.641533,4.4770676,4.3236057,4.181237
Namibia,9.7507904,9.461818,9.1212494,8.750032,8.387035,8.05965,7.7607025,7.5005775,7.278338,7.0988266,6.992091,6.958468,7.017214,7.1732124,7.387073,7.589666,7.71571,7.750121,7.700206,7.5986565,7.4819466,7.4009865,7.379116,7.034429,6.530967,6.0993652,5.543521,5.2056442,4.93686,4.9169136,5.0341003,4.8077534,4.5533035,4.6246155,4.5480732,4.4369858,4.356271,4.18686,4.027695,3.90433
Nauru,,,,8.5534164,8.1545364,7.7672195,7.4136986,7.0610794,6.72404,6.3972984,6.0809967,5.777712,5.500405,5.238892,5.0008034,4.7872948,4.590506,4.4148056,4.26495,4.1377678,4.02885,3.9412823,3.8810204,3.8444157,3.830581,3.8241932,3.8262424,3.806805,3.755654,3.6850006,3.6037323,3.5133694,3.4216976,3.3300648,3.2354897,3.1425165,3.0503113,2.9573635,2.857798,2.7594475
Nepal,19.451978,18.796309,18.132593,17.448247,16.7479,16.036446,15.31321,14.582587,13.859239,13.150934,12.461713,11.8014465,11.169171,10.567636,9.992798,9.4405235,8.9072235,8.397415,7.911296,7.455777,7.029881,6.635298,6.271417,5.93576,5.6266243,5.3441578,5.074507,4.8230698,4.5867107,4.3614536,4.1452835,3.938376,3.7429623,3.552994,3.373985,3.2097733,3.0632235,2.9344585,2.8194368,2.716347
Netherlands,1.0366466,1.0151557,0.9939412,0.9711471,0.9456927,0.9185573,0.8903743,0.861643,0.8320396,0.8015486,0.7710086,0.74143167,0.71397195,0.69005322,0.67032785,0.6544403,0.64164557,0.6305441,0.61890078,0.6054669,0.58983183,0.5719776,0.55239835,0.5317116,0.51095114,0.49115996,0.47276373,0.45652733,0.4425899,0.43107767,0.42190714,0.4148123,0.409581,0.4063034,0.40460534,0.4040347,0.40439186,0.4049508,0.40549088,0.4051762
New Zealand,1.483092,1.4490509,1.4150295,1.3787319,1.3380719,1.2914391,1.2370003,1.1773396,1.1161265,1.0558049,1.0002116,0.9520043,0.9101362,0.8730893,0.8397882,0.8098792,0.78320084,0.75960155,0.73875785,0.7204172,0.7037842,0.68858333,0.6748303,0.6631789,0.6539612,0.64607487,0.6390518,0.63155947,0.62287183,0.61178646,0.59859266,0.5837417,0.56737466,0.5504914,0.53408065,0.5186089,0.50493903,0.49311175,0.48257847,0.47305393
Nicaragua,9.62243,9.09674,8.640323,8.246631,7.902292,7.587441,7.290729,6.99481,6.691184,6.3800194,6.064614,5.752726,5.4492622,5.1549274,4.870753,4.5979332,5.0508045,4.103825,3.8846714,3.685767,3.5015255,3.33404,3.1764528,3.0314087,2.8947649,2.7631716,2.6394587,2.5213797,2.4087418,2.298584,2.1895388,2.0834461,1.9814396,1.8784195,1.7765974,1.6771616,1.5817795,1.489794,1.4034797,1.3255423
Niger,32.454648,32.832965,33.283673,33.687872,33.98654,34.091507,33.967084,33.649237,33.162115,32.501938,31.663638,30.64021,29.438748,28.127686,26.860248,25.736517,24.719962,23.78641,22.850827,21.825388,20.686996,19.502602,18.313219,17.18337,16.162999,15.27557,14.506467,13.857822,13.328828,12.913847,12.5975334,12.34389,12.162797,12.016442,11.914344,11.836511,11.76619,11.702052,11.631723,11.515188
Nigeria,20.739827,20.655751,20.656999,20.720413,20.808899,20.896165,20.94149,20.955812,20.933116,20.878343,20.807687,20.71595,20.570477,20.374356,20.099086,19.724452,19.278798,18.771532,18.243053,17.696613,17.142738,16.581189,16.038058,15.510857,15.023808,14.578902,14.190723,13.850961,13.571822,13.341574,13.135156,12.962277,12.802222,12.641257,12.471412,12.239011,11.956656,11.680171,11.381948,11.0819275
Niue,2.5371902,2.4703299,2.4304125,2.4122665,2.4139894,2.4259706,2.4447927,2.4711683,2.4999615,2.5371279,2.5836992,2.6390911,2.703802,2.784401,2.8714087,2.9588923,3.0514675,3.139096,3.2306503,3.3239902,3.415144,3.491482,3.5472748,3.588494,3.5807896,3.555361,3.5061214,3.4372406,3.3683468,3.282553,3.1875093,3.0901337,2.9991053,2.9019571,2.8228111,2.7405598,2.6591682,2.5758642,2.4964184,2.4131454
North Korea,,,,3.51,3.47,3.52,3.68,3.95,4.34,4.86,5.48,6.13,6.77,7.28,7.57,7.57,7.29,6.74,6,5.21,4.47,3.89,3.5,3.3,3.24,3.22,3.18,3.1,2.95,2.77,2.57,2.4,2.24,2.11,2,1.9,1.82,1.73,1.65,1.54
North Macedonia,5.5362988,5.246922,5.060255,4.99543,4.916203,4.692882,4.3540703,3.998735,3.689931,3.4553226,3.303354,3.145066,2.8531605,2.44827,2.1059242,1.9225447,1.8343853,1.7360685,1.5950638,1.4769386,1.4327215,1.4361847,1.4257194,1.3723241,1.2981876,1.2282795,1.1656939,1.0995312,1.035335,1.0000293,1.0135704,1.0638439,1.1163523,1.1350324,1.0877999,0.9621669,0.8080589,0.67927947,0.59307494,0.5310603
Norway,0.9895149,0.9975274,1.0109696,1.0221191,1.0248429,1.0125674,0.9805393,0.9302724,0.866223,0.79470115,0.72471075,0.6623606,0.6110238,0.5719735,0.54456334,0.52506447,0.5106524,0.49849186,0.48587623,0.47134485,0.4556976,0.43884287,0.42179527,0.4051415,0.38920536,0.37344916,0.3575741,0.34184132,0.32713861,0.3135053,0.30135443,0.2906307,0.28084354,0.27160628,0.2625583,0.25352216,0.2445001,0.23508914,0.22590878,0.21707294
Oman,9.074889,8.1496635,7.308928,6.545534,5.8686127,5.2729225,4.760546,4.3063736,3.901332,3.53351,3.2023045,2.9041306,2.6428934,2.4143751,2.2164314,2.0421192,1.888882,1.752893,1.6344944,1.532067,1.4452101,1.373063,1.317204,1.2733552,1.2408817,1.2163828,1.198764,1.1851558,1.1730215,1.1604673,1.1479509,1.136132,1.1254126,1.1158928,1.1076041,1.0969184,1.0806437,1.0598848,1.037148,1.013952
Pakistan,16.049371,15.807858,15.561732,15.306323,15.039671,14.774162,14.509607,14.24986,13.983246,13.705113,13.410013,13.107356,12.790445,12.45866,12.11793,11.7756134,11.4377846,11.1112625,10.807917,10.528307,10.2753265,10.0517044,9.845633,9.651194,9.464972,9.285987,9.1045746,8.9212685,8.722379,8.51496,8.295439,8.0714485,7.843452,7.617705,7.3949295,7.177063,6.964348,6.749557,6.547601,6.333255
Palau,4.2357048,4.095159,3.9750103,3.8710144,3.7867268,3.714437,3.6470192,3.5901817,3.5326565,3.470411,3.408754,3.3418896,3.2681507,3.1930244,3.115425,3.0412395,2.9725,2.9046926,2.847215,2.7910122,2.7408413,2.6897852,2.644318,2.5937197,2.5417381,2.4925585,2.4329224,2.3668688,2.3082275,2.2432238,2.1794289,2.1120834,2.0430704,1.9743069,1.9128233,1.8522133,1.7920376,1.7366428,1.6813608,1.624524
Palestine,7.045025,6.637873,6.254784,5.9024284,5.572262,5.26346,4.9811436,4.72566,4.494345,4.287771,4.098732,3.9288357,3.7711224,3.6267624,3.489372,3.3617695,3.245092,3.1358303,3.0355724,2.943168,2.8574736,2.7726591,2.6894974,2.6063066,2.524388,2.4421131,2.3620558,2.2828953,2.2053349,2.1290682,2.0551254,1.9819958,2.1320278,1.839107,1.769265,1.7056395,1.6453539,1.5878704,1.5333331,1.4834751
Panama,4.1046265,3.9555332,3.815927,3.6823303,3.5557648,3.438311,3.331149,3.232082,3.1414946,3.0616682,2.993608,2.93332,2.8814863,2.8341036,2.7911118,2.7491322,2.7021711,2.6555456,2.6009962,2.5401878,2.4771921,2.415644,2.3548569,2.2943027,2.2347647,2.1706127,2.109197,2.046527,1.9821243,1.9226791,1.8613823,1.8005127,1.7482763,1.6930107,1.643507,1.5896655,1.5354976,1.4845918,1.4368535,1.3870468
Papua New Guinea,10.040709,9.8033554,9.578787,9.37572,9.181681,8.9973274,8.82323,8.653441,8.489828,8.328946,8.175717,8.02578,7.877036,7.741004,7.606161,7.4800545,7.355493,7.232888,7.11355,6.995588,6.87467,6.755591,6.6302704,6.498424,6.364901,6.2279305,6.0853283,5.942044,5.798457,5.6588882,5.519335,5.3843147,5.2466118,5.108848,4.9738846,4.8311283,4.6892525,4.5517788,4.417218,4.2811897
Paraguay,6.106581,5.9006954,5.689706,5.4863365,5.287014,5.096132,4.9123184,4.7314976,4.556669,4.3896816,4.2320454,4.088982,3.9566513,3.83894,3.733215,3.637611,3.5461758,3.4630306,3.3834583,3.3077385,3.22888,3.151698,3.0745173,2.9943092,2.9159744,2.8362083,2.7553516,2.6760641,2.5960978,2.5154594,2.4395918,2.3630514,2.2890139,2.218579,2.1433554,2.0751635,2.0022932,1.935833,1.8741653,1.8157492
Peru,11.939525,11.51584,11.035425,10.505341,9.9594986,9.429361,8.931008,8.459584,8.017199,7.587973,7.1488014,6.6980896,6.2422844,5.785604,5.340371,4.9147312,4.514227,4.1445526,3.8127567,3.5149693,3.2542137,3.0244656,2.8232176,2.6451328,2.485001,2.3406158,2.210452,2.0949322,1.9941534,1.9049408,1.82915,1.7624311,1.7051632,1.6548967,1.6097837,1.5694605,1.5307563,1.4917435,1.4538209,1.4122609
Philippines,7.738329,7.607644,7.449174,7.252462,7.0034386,6.700427,6.362406,6.009489,5.6597168,5.3328056,5.0434334,4.7895897,4.5669525,4.3738125,4.2077087,4.0676422,3.9488884,3.8512787,3.770547,3.6969337,3.6261417,3.5563454,3.488317,3.4226696,3.3633175,3.309087,3.262238,3.216667,3.1757557,3.1374529,3.0999964,3.059215,3.021222,2.9775736,2.928656,2.8690416,2.8023056,2.7279066,2.6503353,2.573953
Poland,2.2667885,2.194247,2.1144882,2.0341625,1.9581808,1.8913378,1.835221,1.7871264,1.7396465,1.6895601,1.6413738,1.5961286,1.5387638,1.4479415,1.3248516,1.1968074,1.0860155,0.9978522,0.9306692,0.88152075,0.8432712,0.8108549,0.78182483,0.7557004,0.73086414,0.70283656,0.6684201,0.6310347,0.5964177,0.56681976,0.542083,0.52103057,0.5033973,0.48905907,0.477186,0.4658985,0.4534611,0.44212065,0.4355435,0.43466053
Portugal,2.4237816,2.2868826,2.1606518,2.042101,1.9288235,1.817348,1.7038198,1.5883971,1.4732559,1.3590269,1.2475083,1.1415412,1.0472488,0.9704299,0.912058,0.8636223,0.8180986,0.77078457,0.7195865,0.6636809,0.6064076,0.55062647,0.50123997,0.46260414,0.43567095,0.4165937,0.40222874,0.39075553,0.3813234,0.37394671,0.36878688,0.36575377,0.36480453,0.36505575,0.36544664,0.36338723,0.35601084,0.34378319,0.32779758,0.309848
Qatar,3.2956825,3.1430477,2.989985,2.8360464,2.684672,2.5318752,2.3785131,2.2280245,2.082946,1.9449018,1.8179579,1.7052197,1.608197,1.5270384,1.4577545,1.3977567,1.3454083,1.2958158,1.2486171,1.2031416,1.1588218,1.1165722,1.0773191,1.0429238,1.0119045,0.9841425,0.9595029,0.936627,0.9154286,0.8943352,0.8713003,0.8445163,0.8130049,0.77586255,0.73519235,0.69205723,0.6485507,0.60588217,0.5663023,0.53061013
Romania,3.2738224,3.1422089,3.0846394,3.14598,3.3202534,3.4738876,3.4573555,3.296195,3.1114079,2.9699438,2.8686985,2.796335,2.7457777,2.709654,2.670658,2.5932016,2.451106,2.2822842,2.145315,2.0635746,2.0169447,1.9836935,1.9323908,1.8266298,1.6686256,1.509986,1.390182,1.3055175,1.2393443,1.1807623,1.1222349,1.0591894,0.991737,0.9217904,0.8531169,0.791772,0.74172583,0.701908,0.66968694,0.64268794
Russia,2.6569658,2.6087715,2.555489,2.493972,2.421743,2.3391832,2.2593052,2.197157,2.1629578,2.154881,2.169902,2.194715,2.20788,2.1974401,2.1678574,2.1290693,2.0800236,2.0165813,1.93686,1.8410454,1.7314627,1.6143024,1.497016,1.3860044,1.2847803,1.1971309,1.1258172,1.0745339,1.0415926,1.015584,0.9866308,0.947242,0.8926502,0.824731,0.7543294,0.6896767,0.63308277,0.5837643,0.54136877,0.50548973
Rwanda,18.614098,17.459683,16.64125,15.999287,15.459593,15.029903,14.681732,14.596498,14.985306,15.938618,17.321092,18.948111,34.063324,22.106157,22.414114,22.074536,21.298863,20.10299,18.542447,16.756451,14.959627,13.321704,11.834117,10.5227486,9.388906,8.4472824,7.628373,6.955482,6.3784935,5.8639534,5.515647,5.215543,4.9783813,4.7737907,4.6062035,4.4629128,4.340338,4.210347,4.068056,3.9438885
Saint Kitts and Nevis,4.497968,4.2295353,3.976577,3.7479362,3.5460087,3.378823,3.2416122,3.1307192,3.0423634,2.9746576,2.9216106,2.8785313,2.837204,2.7891115,2.7335495,2.6656113,2.5810024,2.4856209,2.3806242,2.2710316,2.1636076,2.0650919,1.9798746,1.9089237,1.852589,1.8120499,1.7830206,1.7632322,1.750684,1.7420374,1.7379368,1.7305918,1.7185633,1.6943474,1.6614214,1.6257118,1.5858723,1.5439911,1.50229225,1.4560239
Saint Lucia,2.93441,2.7973625,2.6772064,2.5708864,2.4766115,2.3917986,2.3159603,2.2472736,2.185397,2.1291397,2.0784899,2.0330908,1.9927889,1.9563004,1.9239162,1.8958832,1.8723568,1.8541693,1.8407595,1.832806,1.8297333,1.8319208,1.8386965,1.8495756,1.8649557,1.8851412,1.9096355,1.9384354,1.9710564,2.0083143,2.0494722,2.0950686,2.1426304,2.1945915,2.2496586,2.3043514,2.3572178,2.4059631,2.4479427,2.4820637
Saint Vincent and the Grenadines,4.328028,3.9092987,3.5404682,3.22761,2.9702988,2.7653471,2.6045473,2.4791159,2.3854216,2.3164406,2.2707085,2.2438066,2.2327316,2.232937,2.2366901,2.2420763,2.2437862,2.2405565,2.2304588,2.214866,2.1983543,2.1839237,2.1679668,2.153256,2.1356628,2.1117306,2.0794706,2.0366213,1.9845903,1.92548,1.8637577,1.8019312,1.7406843,1.681948,1.6245789,1.5681231,1.5170228,1.4637023,1.41642685,1.3710262
Samoa,4.024078,3.858505,3.7036762,3.55848,3.423024,3.2978325,3.1838469,3.077423,2.9831535,2.8924929,2.8035425,2.7125011,2.6206036,2.5321283,2.4481613,2.365716,2.2831396,2.2021563,2.126476,2.0599924,2.0072287,1.9679436,1.9420967,1.9288254,1.925873,1.9299606,1.9363453,2.5687033,1.9373589,1.9288727,1.9133574,1.8960491,1.8779003,1.8593903,1.840359,1.8198189,1.7887743,1.7526175,1.7133623,1.671849
San Marino,,,,2.2531595,2.0422567,1.8573912,1.68625,1.5267952,1.3889831,1.2610248,1.1453054,1.0410598,0.949333,0.8655836,0.7919774,0.7240315,0.6625769,0.6094709,0.5600693,0.5166201,0.47838078,0.44425035,0.4141638,0.38734589,0.36236935,0.34040573,0.32035844,0.30146883,0.28548281,0.2709089,0.25709846,0.24468796,0.23266404,0.22167544,0.21142528,0.201353,0.19297863,0.18548442,0.17836553,0.17172202
Sao Tome and Principe,9.3960625,9.596734,9.807,10.0298584,11.472025,10.433653,10.606226,10.754834,10.879878,10.9411606,10.949931,10.888501,10.729021,10.4909775,10.1576004,9.753754,9.296501,8.789041,8.240057,7.6864006,7.128352,6.588978,6.0688484,5.5787945,5.1210857,4.696853,4.3099483,3.9540707,3.63263,3.3303806,3.0485167,2.7822437,2.544213,2.3275946,2.1359192,1.967816,1.8269865,1.7149246,1.6193676,1.5425553
Saudi Arabia,8.112533,7.550991,7.0182846,6.5178986,6.0502544,5.6038437,5.1837772,4.7913643,4.4301212,4.09712,3.796417,3.525686,3.2793102,3.0545311,2.849358,2.6636913,2.494319,2.343778,2.2052418,2.0764305,1.9567621,1.8477934,1.7453741,1.6474789,1.5547615,1.4649981,1.3805497,1.30063095,1.2251246,1.1531566,1.0864209,1.0233775,0.9646721,0.9099486,0.8586276,0.8114936,0.76913385,0.7325457,0.70047903,0.672114
Senegal,19.160019,18.536934,17.869621,17.125084,16.313625,15.512651,14.802551,14.242285,13.855669,13.655075,13.598553,13.641785,13.738503,13.844911,13.915176,13.904602,13.760712,13.454169,12.970615,12.301823,11.523475,10.704907,9.908379,9.167684,8.512153,7.9385216,7.446371,7.019786,6.640132,6.2929905,5.975442,5.667348,5.376167,5.1003113,4.8384075,4.5947254,4.374781,4.181442,4.013848,3.8599857
Serbia,,,4.056818,3.91798,3.7842144,3.6103638,3.364783,3.0853693,2.8303925,2.623748,2.451026,2.2953257,2.1353964,1.948173,1.7427279,1.5590781,1.4240807,1.3305657,1.2610587,1.2004741,1.1345216,1.0541561,0.9710138,0.901034,0.85094385,0.8170336,0.79403157,0.77664633,0.7585375,0.73604136,0.7099782,0.68272247,0.6556731,0.63087826,0.6091732,0.59129558,0.57770286,0.56752257,0.55813675,0.54872665
Seychelles,2.521218,2.3266588,2.1668995,2.0376642,1.9300327,1.8378948,1.7585026,1.6883993,1.6282948,1.5754904,1.52982,1.4917035,1.460367,1.435962,1.4164516,1.4032064,1.3941708,1.3891189,1.3864367,1.3868303,1.3885422,1.39180975,1.3947166,1.3991975,1.4042091,1.4079757,1.4122447,1.4179601,1.4251659,1.4326583,1.4392896,1.4449607,1.4500565,1.4535707,1.4567716,1.4590212,1.4525732,1.4396208,1.4182439,1.3912806
Sierra Leone,28.040396,27.73076,27.439026,27.152414,26.90471,26.665506,26.43638,26.235315,26.053494,25.856247,25.65274,25.439828,25.16987,24.853618,24.471864,24.05015,23.578644,23.091782,22.587302,22.04441,21.479288,20.89912,20.279686,19.647534,18.97113,18.282298,17.56616,16.846167,16.141458,15.445457,14.797083,14.188445,13.99812,14.097765,12.610331,12.135734,11.678796,11.252116,10.852246,10.4686966
Singapore,1.3209382,1.2243299,1.1461336,1.0855946,1.0319143,0.9782922,0.9172709,0.8457057,0.76811304,0.69316945,0.6274,0.5731887,0.5320982,0.5024304,0.47992725,0.46103506,0.4405332,0.41505117,0.38690307,0.3598912,0.3365311,0.3178163,0.303743,0.29416575,0.28837893,0.28548822,0.28457139,0.28394456,0.2834368,0.28147426,0.27827246,0.27576017,0.27457159,0.2738592,0.27106466,0.2646414,0.25412247,0.23963065,0.22339907,0.20883267
Slovakia,2.0718494,1.9838545,1.8992628,1.818096,1.7400005,1.6663326,1.5973798,1.5326039,1.4711624,1.4123674,1.3553076,1.2998658,1.2461691,1.1944456,1.145134,1.0983901,1.0543409,1.0131229,0.9750031,0.9400599,0.9075221,0.877062,0.84800415,0.8199304,0.79278016,0.76688776,0.7425734,0.7199779,0.69960814,0.68137374,0.6650358,0.6502821,0.63693366,0.62455816,0.61280413,0.602093,0.591955,0.5824043,0.57300506,0.56331096
Slovenia,1.7017208,1.612705,1.5260116,1.4393387,1.3533572,1.2685079,1.1866702,1.1088052,1.0365116,0.9683842,0.9045999,0.8449861,0.78976507,0.73853416,0.69208627,0.65002084,0.6123435,0.5777806,0.5464531,0.51779647,0.4909859,0.46591105,0.4422008,0.4193824,0.39785454,0.37715003,0.35772388,0.3395851,0.3228579,0.30770934,0.29402192,0.28153245,0.2703634,0.26032295,0.25154257,0.24362404,0.23657908,0.23000648,0.2235227,0.21695964
Solomon Islands,4.8322617,4.6646843,4.5114468,4.369234,4.2411015,4.1247,4.0182663,3.9177605,3.8216362,3.722586,3.620254,3.5215412,3.430091,3.3521423,3.2837082,3.223276,3.1691376,3.1203644,3.0765362,3.040243,3.0088419,2.9825966,2.9536354,2.9234928,2.8827,2.8328272,2.775774,2.7104069,2.6393791,2.5634966,2.4888386,2.4141214,2.346457,2.2771667,2.2075455,2.1367262,2.06914,2.0024954,1.9392262,1.8785265
Somalia,20.113802,19.758464,19.4797,19.25,19.03001,18.86153,18.636719,18.378166,18.041905,17.655899,17.411143,17.313376,17.290897,17.290436,17.290436,17.290436,17.290436,17.290436,17.290436,17.290436,17.290436,17.290436,17.290436,17.283292,17.226303,17.02136,16.659964,16.220497,15.746852,15.265425,14.812259,14.342946,13.887518,13.447408,13.031183,12.609471,12.250968,11.8600525,11.488566,11.178455
South Africa,8.584645,8.185794,7.8184326,7.4793594,7.164597,6.877695,6.616293,6.399516,6.2217648,6.088897,6.010109,5.992739,6.0357315,6.125186,6.260134,6.4466545,6.658084,6.8605865,7.1005264,7.3302536,7.515958,7.649241,7.776611,7.923914,7.894524,7.461393,6.826563,5.990456,5.1587685,4.5475418,4.153277,3.9577126,3.825845,3.7343517,3.6559296,3.582232,3.5085476,3.4338287,3.3742332,3.284733
South Korea,3.1583345,2.9217896,2.6866905,2.457289,2.240477,2.0402252,1.8609745,1.7018764,1.5618196,1.4370557,1.3251667,1.224206,1.1326677,1.0487567,0.97302885,0.9065853,0.8475234,0.7964294,0.75277114,0.71460814,0.67742896,0.6385869,0.5979996,0.55707626,0.5177221,0.4826512,0.4538552,0.4308484,0.41240416,0.3974931,0.38470607,0.37296188,0.36200066,0.3518742,0.34243827,0.33305655,0.32309136,0.31239748,0.30086482,0.28881986
South Sudan,28.280258,27.91281,27.56867,27.228845,26.83205,26.463907,26.033994,25.575682,25.121634,24.638405,24.128824,23.54252,22.90361,22.210739,21.503288,20.73563,19.898398,19.036273,18.159488,17.266362,16.401733,15.553868,14.752571,14.008755,13.323956,12.67406,12.041878,11.4687996,10.914204,10.4499794,10.101551,9.921023,9.871318,9.8689644,9.8689644,9.8689644,9.8689644,9.8689644,9.8689644,9.8689644
Spain,1.296305,1.2252255,1.1656301,1.1147284,1.0699581,1.0295222,0.9912927,0.9543092,0.9165616,0.8765969,0.8324827,0.78565083,0.7374507,0.69037323,0.64778748,0.6120362,0.58342814,0.5605966,0.54235163,0.52744718,0.5145529,0.5018026,0.48784566,0.47181883,0.45437727,0.43634,0.41836042,0.40090513,0.38451912,0.36966054,0.35657675,0.34572487,0.33742955,0.3316104,0.32757127,0.3243174,0.32115245,0.31693614,0.31129005,0.30454288
Sri Lanka,3.9975647,3.681555,3.343072,3.0186535,2.7380531,2.5209219,2.3815046,2.706967,2.2824516,2.2478884,2.199601,2.1388702,2.0673838,1.992364,1.9196753,1.8501318,1.7812107,1.7134586,1.6521296,1.600301,1.5559708,1.5139736,2.8857044,1.4104508,1.3356377,1.2576369,1.1952604,2.0934803,1.12182255,1.0837131,1.0374973,0.9851939,0.9306739,0.8784128,0.8324697,0.79301867,0.75843987,0.72774925,0.70038996,0.67480745
Sudan,14.485837,18.801886,18.568443,18.321373,13.98034,13.808453,13.615433,13.409041,13.196667,12.977768,12.740047,12.499663,12.2455765,11.981481,11.707954,11.413054,11.104112,10.7778046,10.442073,10.10314,9.765246,9.437778,9.117667,8.8236755,8.54554,8.283713,8.032186,7.804712,7.587059,7.384537,7.1872246,6.994798,6.8007675,6.6048164,6.406129,6.211792,6.0283367,5.843216,5.6584705,5.489554
Suriname,,5.7018898,5.5078407,5.3314777,5.1557167,4.982316,4.819889,4.666765,4.508171,4.3548084,4.2074387,4.05763,3.910694,3.7647152,3.628729,3.493513,3.364065,3.244687,3.1310598,3.0269737,2.927058,2.8352947,2.7481384,2.6665588,2.5914457,2.5216942,2.4548132,2.3892918,2.3287546,2.2720448,2.2141657,2.1598671,2.1017769,2.048343,1.9936827,1.93724,1.878228,1.8259998,1.7708467,1.7175814
Sweden,0.7994486,0.78304935,0.7704689,0.7601557,0.75098696,0.74220834,0.7333575,0.7201972,0.6968061,0.66153393,0.61730733,0.56879787,0.522569,0.4835951,0.4548539,0.43498263,0.42239027,0.41472707,0.409672,0.40480666,0.39815547,0.38778896,0.3742699,0.35961113,0.34518745,0.33214743,0.32132015,0.31277819,0.30616934,0.30124283,0.29732518,0.29403787,0.29097414,0.28714757,0.2822578,0.27656577,0.26989708,0.26250758,0.25458918,0.24645145
Switzerland,0.9667801,0.9402331,0.9187486,0.9020146,0.888718,0.8760061,0.8621384,0.843861,0.8181527,0.78441515,0.74646688,0.7074754,0.670641,0.6393805,0.6148794,0.59657927,0.5832575,0.5730442,0.5635986,0.55377307,0.54303145,0.5311855,0.51869135,0.50601363,0.4939568,0.4826776,0.4725842,0.4637728,0.4563105,0.4499173,0.44470625,0.43990736,0.4349704,0.42901154,0.42171164,0.4139204,0.4060867,0.39836266,0.39077604,0.38305519
Syria,7.014402,5.0531292,4.7912712,4.550585,4.3390224,4.1492783,3.9768032,3.8183678,3.6744175,3.5308533,3.3827015,3.2337566,3.081173,2.930466,2.7831295,2.645641,2.5192293,2.4051912,2.3016619,2.2109697,2.1322031,2.0659609,2.0108158,1.9677145,1.9325647,1.9068398,1.8917389,1.8874138,1.8922857,2.0160925,3.7131622,4.543243,4.7263626,4.1815098,3.9764214,2.3926031,2.3811838,2.262392,2.2809063,2.2272444
Tajikistan,12.834172,12.658199,12.37114,11.95192,11.4453125,10.9436554,10.5129395,10.262345,10.254815,10.538316,10.983258,11.341397,11.410151,11.21606,10.81283,10.2747925,9.663262,9.014124,8.3657135,7.729058,7.127867,6.559716,6.036282,5.5874718,5.209603,4.8967674,4.647018,4.453304,4.291971,4.1583015,4.038952,3.938741,3.8394966,3.7419647,3.64975,3.5531654,3.4459545,3.3497692,3.246623,3.1419
Tanzania,17.804735,17.83451,17.843388,17.787688,17.63859,17.42356,17.173561,16.914877,16.686743,16.493037,16.33013,16.15503,15.94918,15.691606,15.37604,14.957457,14.405257,13.733723,12.985214,12.1920876,11.403259,10.666892,10.0041695,9.404502,8.891106,8.39045,7.9613266,7.525059,7.1739456,6.820782,6.518178,6.251927,5.9841194,5.802063,5.5815224,5.390089,5.1876778,5.0444267,4.8996468,4.71164
Thailand,5.543496,5.288573,5.039235,4.8013416,4.5704483,4.345483,4.127209,3.9126663,3.7051216,3.508783,3.3226086,3.1485275,2.9863787,2.8352432,2.6914286,2.5565022,2.4281185,2.3075897,2.1947453,2.087163,1.9866962,1.8913069,1.8014065,1.716301,1.6356688,1.5592297,1.4881864,1.4202137,1.3558034,1.2951807,1.2370229,1.1817495,1.1290915,1.0790528,1.0315863,0.9851302,0.9420206,0.9012203,0.8628444,0.8291029
Togo,17.103638,16.722137,16.365259,16.033023,15.723932,15.454738,15.200644,14.969795,14.750354,14.55185,14.350192,14.134418,13.901001,13.641595,13.356953,13.040622,12.700663,12.354674,12.000754,11.650481,11.3022385,10.963301,10.636729,10.323148,10.02593,9.741273,9.462407,9.186277,8.909288,8.639741,8.369838,8.106475,7.845783,7.592617,7.3509026,7.116091,6.880001,6.6646,6.461484,6.260445
Tonga,2.78243,2.7064178,2.6410004,2.5797674,2.5185514,2.4548717,2.3812271,2.3021793,2.2194231,2.1359102,2.0605026,1.9957151,1.9392426,1.8903345,1.8498846,1.8143171,1.776959,1.7388182,1.6965435,1.6507189,1.6040207,1.5579006,1.5149111,1.4754485,1.4386883,1.4040287,1.3722465,1.3437894,1.3181759,1.2939967,1.2755364,1.2594442,1.248046,1.2372729,1.2247515,1.2099565,1.1908189,1.1697149,1.1433964,1.1139883
Trinidad and Tobago,3.6889427,3.5780033,3.4783722,3.384323,3.2972836,3.2179226,3.1475887,3.0845997,3.028921,2.9816698,2.9419735,2.9088413,2.883441,2.8606136,2.8430058,2.8352827,2.8266056,2.8209118,2.8133018,2.7936058,2.7675022,2.7267334,2.6806114,2.6188944,2.5602827,2.4902075,2.420512,2.3542145,2.289037,2.2197226,2.1534838,2.0847294,2.0228659,1.9643337,1.9028856,1.8459984,1.7911448,1.739367,1.6812677,1.6331766
Tunisia,8.4420044,7.961011,7.51058,7.091384,6.709024,6.3678,6.062721,5.7918118,5.541683,5.298243,5.0586258,4.8086906,4.5524197,4.277701,4.003741,3.728917,3.465706,3.221485,2.996321,2.7966724,2.6207903,2.4650095,2.327494,2.2074533,2.1029219,2.0164484,1.9439646,1.8857424,1.8387053,1.8016087,1.7722202,1.7492897,1.7303286,1.717336,1.7098972,1.705785,1.700787,1.6862038,1.6614641,1.6321344
Turkey,11.568979,10.9757545,10.405735,9.8533104,9.324816,8.818902,8.333782,7.869954,7.416804,6.977012,6.5495605,6.1425926,5.7546402,5.3829918,5.0304153,4.6949234,4.3736294,4.073134,3.788109,3.5197704,3.268455,3.0336296,2.8147438,2.610867,2.4245672,2.2497616,2.0914415,1.945676,1.8114952,1.688856,1.5770455,1.4743916,1.3814449,1.2951419,1.2150927,1.140595,1.071222,1.0066368,0.9491876,0.8980168
Turkmenistan,10.963216,10.496961,10.024023,9.558687,9.131816,8.735972,8.3984344,8.1293785,7.935234,7.854141,7.848623,7.8918434,7.955138,7.99404,7.9508064,7.831738,7.619756,7.329022,6.982806,6.605837,6.2257988,5.8640694,5.5233486,5.223657,4.9629852,4.7446724,4.5631058,4.4202335,4.322693,4.259806,4.2174442,4.2082222,4.215025,4.2438816,4.283627,4.3152695,4.3176907,4.2798542,4.221617,4.1427803
Turks and Caicos Islands,2.3673203,2.2043964,2.0573187,1.9252813,1.8055937,1.6963655,1.5952271,1.5046047,1.4215758,1.3451152,1.2752179,1.2116704,1.1515374,1.0956038,1.04512615,0.9974652,0.9522544,0.9093027,0.8689761,0.8312319,0.79536753,0.76281023,0.7323199,0.7042034,0.67890477,0.65639844,0.63640113,0.61802893,0.60038795,0.58388486,0.56953335,0.55534325,0.5411461,0.5273534,0.5150464,0.5026909,0.49009395,0.47653575,0.46304255,0.44893904
Tuvalu,5.925157,5.769037,5.6357788,5.533776,5.465008,5.4114758,5.3658302,5.326549,5.279258,5.2203217,5.1515984,5.0695114,4.9742912,4.863675,4.738093,4.602507,4.463969,4.331596,4.2165867,4.1150803,4.031959,3.9558895,3.872965,3.7778423,3.664249,3.5372547,3.4047733,3.2659214,3.1333286,3.0111525,2.9018469,2.7996185,2.7082264,2.6102861,2.5259382,2.4340935,2.3572393,2.2678556,2.192766,2.125409
Uganda,21.343764,20.762383,20.190555,19.7245,19.381563,19.14393,18.928615,18.646854,18.286198,17.88197,17.463507,17.075339,16.761813,16.526042,16.3065,16.041805,15.671515,15.191652,14.610341,13.927454,13.15762,12.347496,11.516388,10.7184364,9.978983,9.309755,8.7032585,8.1695625,7.639675,7.159594,6.6711914,6.246341,5.912167,5.5975613,5.2709175,5.01742,4.773747,4.555987,4.367355,4.212818
Ukraine,2.4504375,2.3654058,2.2759916,2.1876644,2.1108606,2.0424028,1.9855495,1.9410688,1.9186829,1.9173521,1.9324995,1.9613302,1.9915928,2.014641,2.018322,1.9984573,1.9570042,1.8972097,1.824488,1.7451605,1.6648706,1.5859947,1.5147469,1.4506543,1.3947631,1.3427829,1.2874474,1.2297745,1.1718345,1.1159681,1.0646443,1.0191878,0.9792253,0.9448252,0.9150398,0.889604,0.86816635,0.8500279,0.8351534,0.8223226
United Arab Emirates,2.9106428,2.6640102,2.4568462,2.2739235,2.1200901,1.9814323,1.860341,1.7511192,1.6543806,1.5682936,1.4920825,1.42341,1.3620439,1.308777,1.26159725,1.219059,1.1812575,1.1464458,1.1148603,1.0864545,1.0589227,1.0322151,1.0068668,0.9827485,0.9611577,0.9399823,0.9171664,0.8918023,0.8657321,0.8406389,0.8176805,0.79697914,0.77863574,0.76063867,0.7416501,0.72108097,0.70000215,0.6787201,0.65793285,0.6371776
United Kingdom,1.27065115,1.2146577,1.1709057,1.1381065,1.1090337,1.0770728,1.0376398,0.988017,0.929656,0.87055645,0.8177137,0.77404346,0.7411923,0.71863737,0.7025615,0.68915114,0.6770147,0.66567416,0.65480165,0.64433975,0.6345152,0.6248909,0.61485567,0.6037319,0.59067793,0.5750068,0.5572136,0.5373258,0.516668,0.4968365,0.4792339,0.46465125,0.45406895,0.44744706,0.44323845,0.4399712,0.43643203,0.43209796,0.42607193,0.41853986
United States,1.3872934,1.3418995,1.3034944,1.2705508,1.2413564,1.2137612,1.1860305,1.1559674,1.1226803,1.0871529,1.0502464,1.0132842,0.9784277,0.9464855,0.9184179,0.89486475,0.8753249,0.8587968,0.8448663,0.8329701,0.82292,0.8140147,0.8053898,0.7961977,0.78607783,0.7743427,0.7613894,0.7475947,0.73365865,0.7203451,0.7082055,0.697497,0.6879688,0.67921586,0.67071624,0.66207647,0.65311427,0.64398417,0.634569,0.62429795
Uruguay,3.295648,3.0974434,2.9562223,2.8477514,2.743274,2.624185,2.4983755,2.3846678,2.2946144,2.2259428,2.1779142,2.1412222,2.1034306,2.0567434,1.9964682,1.9192068,1.8360222,1.7617617,1.7042995,1.6589533,1.6202652,1.5783131,1.5197931,1.4429336,1.3565735,1.2705478,1.1922278,1.1275996,1.077451,1.0375168,1.003231,0.9701207,0.933705,0.8909212,0.8427705,0.78990545,0.73470306,0.6801031,0.6284546,0.58230987
Uzbekistan,10.234695,9.557298,8.959883,8.428932,7.970465,7.5957726,7.313402,7.124305,7.028651,7.0077255,7.015583,7.019118,6.987284,6.9406845,6.859624,6.7360344,6.569282,6.3391495,6.0500126,5.711662,5.350976,4.9853874,4.6215046,4.2702137,3.9366505,3.6186096,3.3192158,3.0506227,2.8043411,2.5797995,2.3799648,2.205953,2.0520145,1.9187551,1.8020546,1.7014923,1.6166117,1.5424617,1.4725857,1.4066064
Vanuatu,5.8667828,5.4716145,5.098201,4.7605812,4.4591515,4.1920933,3.965856,3.7704094,3.601102,3.4509552,3.326069,3.2225178,3.1378704,3.072758,3.0221846,2.9792427,2.9447344,2.911368,2.884647,2.8565056,2.8393177,2.8278837,2.8239431,2.8244787,2.829571,2.8436298,2.8530725,2.8577412,2.8646404,2.8708366,2.8585419,2.8295649,2.7840645,2.7298565,2.6679981,2.6022215,2.5331945,2.4671448,2.4010963,2.3214132
Venezuela,4.0586933,3.9036003,3.7606464,3.6250122,3.4936016,3.362448,3.2263737,3.088435,2.961969,2.85913,2.7811447,2.7248407,2.680538,2.6279003,2.5471142,2.4458282,2.3378115,2.2369051,2.151292,2.0865015,2.0333399,1.9782629,1.9145063,1.8497265,1.7913233,1.7455738,1.7165033,1.7054226,1.7073072,1.7165443,1.7336256,1.7620579,1.8002563,1.9142475,2.4222378,2.4229599,2.4229727,2.4229727,2.4229727,2.4229727
Vietnam,6.629764,6.489315,6.34499,6.1969696,6.03311,5.847747,5.64042,5.4104996,5.1674404,4.913361,4.656162,4.400816,4.1553947,3.918434,3.698347,3.497007,3.312492,3.146123,2.9999786,2.8698109,2.7609276,2.665561,2.5830235,2.5120932,2.4547102,2.406942,2.3668203,2.333401,2.3048975,2.2798027,2.2560513,2.2333967,2.2107838,2.1892395,2.167099,2.1459291,2.12525,2.106348,2.0852371,2.060163
Yemen,18.469037,17.33799,16.32483,15.452972,14.714737,14.079474,13.535199,13.059962,12.6398186,12.2770645,11.958922,11.684875,11.438788,11.213855,10.977541,10.69599,10.355927,9.953226,9.509605,9.046067,8.589126,8.1433586,7.717162,7.3119,6.930939,6.573485,6.2564342,6.0212345,5.891764,5.8653625,5.8883434,5.8495922,5.8795303,6.0785786,6.0459404,6.0261223,6.1672913,6.1595028,5.968574,6.190894
Zambia,15.800919,16.01865,16.360146,16.773795,17.195747,17.576643,17.885767,18.102776,18.227579,18.294713,18.274236,18.117697,17.818153,17.478918,17.161424,16.859569,16.543542,16.159459,15.5661,14.695192,13.648761,12.5954605,11.5762436,10.672846,9.8915726,9.333735,8.8478386,8.32736,7.873726,7.6546326,7.454717,7.199706,6.9513145,6.822225,6.53261,6.415085,6.4222725,6.2585327,5.96699,5.7691833
Zimbabwe,10.0765465,9.4650154,8.845143,8.291721,7.847852,7.5872604,7.517763,7.657796,7.960112,8.352351,8.759365,9.165906,9.5488884,9.865066,10.0404015,10.075612,9.995381,9.819218,9.617456,9.451764,9.3411476,9.260379,9.286918,9.365081,9.559082,9.623121,9.470335,9.125017,8.610624,8.058766,7.214632,6.622255,6.2608578,6.0471767,5.7870407,5.6175125,5.368769,5.2665886,5.17696,4.9521973
